员工ID,姓名,部门,职位,入职日期,基本工资(元),绩效工资(元),年终奖(元),加班时长(小时),出勤天数,年龄,工龄(年),项目数量,客户评分(1-5),技能数量,学历,城市,婚姻状况,是否管理人员,性别
E1001,张伟,人力资源部,运营主管,2012-03-24,24462,8207,59717,6,21,37,12,6,4.6,1,硕士,深圳,未婚,否,女
E1002,李芳,财务部,会计,2016-08-09,16080,4673,10763,21,22,33,7,3,3.6,6,硕士,北京,未婚,否,男
E1003,王磊,销售部,运营主管,2017-05-30,15099,1715,63480,16,22,42,12,3,4.3,4,本科,深圳,未婚,否,男
E1004,陈敏,财务部,运营主管,2021-08-25,22916,3223,46759,17,22,38,14,7,3.8,5,本科,武汉,已婚,否,女
E1005,赵强,财务部,前端工程师,2015-11-11,15083,3092,33307,9,22,53,10,1,3.8,4,本科,广州,未婚,否,女
E1006,孙丽,市场部,HRBP,2016-03-10,17223,4106,19064,9,22,27,11,7,4.7,4,本科,西安,已婚,否,男
E1007,周涛,销售部,产品经理,2021-02-10,12940,1658,45548,6,22,45,13,1,3.7,5,硕士,南京,已婚,是,女
E1008,吴迪,销售部,招聘专员,2013-07-23,11456,8132,44945,37,21,48,3,1,4.2,5,大专,成都,已婚,是,女
E1009,郑爽,销售部,产品经理,2014-07-22,15788,6281,55937,26,21,41,0,1,4.9,6,本科,成都,已婚,是,男
E1010,林晨,财务部,产品经理,2021-11-07,10711,4813,14476,32,22,46,3,5,3.8,4,本科,北京,未婚,否,男
E1011,郭峰,人力资源部,产品经理,2020-11-07,19280,4341,59756,0,22,23,8,2,5.0,3,本科,杭州,未婚,是,女
E1012,唐雅,销售部,后端工程师,2017-06-03,24531,3276,10382,33,23,30,9,7,5.0,6,本科,广州,未婚,否,女
E1013,沈鹏,运营部,前端工程师,2020-11-08,20089,3552,57683,3,22,49,3,5,4.3,5,本科,西安,已婚,是,女
E1014,宋阳,财务部,客户经理,2017-01-29,18142,7439,53276,16,22,24,8,3,3.8,1,大专,北京,未婚,否,男
E1015,秦岚,市场部,前端工程师,2020-05-14,24749,8004,41402,3,22,41,12,5,4.0,6,本科,南京,未婚,否,男
E1016,顾磊,人力资源部,销售经理,2014-03-03,23587,8102,34946,25,22,27,11,4,4.1,2,本科,武汉,已婚,否,男
E1017,欧阳静,运营部,销售经理,2014-03-02,17866,3795,30335,3,22,54,10,6,4.0,3,大专,武汉,未婚,否,男
E1018,慕容华,运营部,后端工程师,2021-11-04,12531,7185,53095,0,22,22,11,1,3.9,6,大专,西安,未婚,是,女
E1019,诸葛明,市场部,会计,2016-12-14,20686,3196,35197,6,22,27,17,7,5.0,5,本科,西安,已婚,否,男
E1020,东方红,人力资源部,HRBP,2015-07-18,13330,4493,30010,29,23,36,11,4,3.7,5,本科,西安,已婚,是,男
E1021,张伟,财务部,后端工程师,2018-12-14,13510,3969,32123,8,21,47,15,7,4.6,3,本科,深圳,未婚,否,女
E1022,李芳,技术部,运营主管,2018-03-05,16964,3446,10890,34,21,35,4,6,3.5,2,本科,成都,未婚,否,男
E1023,王磊,人力资源部,市场专员,2021-11-19,14493,5309,16026,7,22,28,11,4,4.4,6,本科,重庆,离异,是,女
E1024,陈敏,市场部,HRBP,2016-05-26,18759,7658,72925,23,22,52,10,7,4.9,6,本科,广州,未婚,是,男
E1025,赵强,运营部,数据分析师,2014-12-19,13439,4283,41665,18,22,45,8,3,3.9,4,本科,重庆,离异,否,女
E1026,孙丽,财务部,招聘专员,2018-10-13,22473,5144,17277,35,22,52,17,1,3.8,1,本科,深圳,未婚,否,女
E1027,周涛,人力资源部,HRBP,2014-09-11,17765,6741,50239,26,22,50,2,4,4.5,5,本科,杭州,已婚,否,女
E1028,吴迪,技术部,运营主管,2016-08-07,21279,7920,55664,31,22,53,16,3,4.6,6,本科,武汉,未婚,否,男
E1029,郑爽,技术部,运营主管,2021-04-03,14511,7177,56008,13,22,38,13,1,4.5,6,硕士,成都,已婚,否,女
E1030,林晨,销售部,软件工程师,2013-06-03,19483,4000,22683,17,22,35,0,2,4.0,6,硕士,西安,未婚,是,男
E1031,郭峰,销售部,产品经理,2013-08-13,10376,8961,8670,27,21,45,16,3,3.9,2,大专,南京,已婚,否,男
E1032,唐雅,市场部,后端工程师,2014-11-16,19824,5145,25889,28,22,48,7,5,4.9,1,大专,南京,未婚,是,男
E1033,沈鹏,人力资源部,运营主管,2016-09-05,14979,4145,63612,15,23,46,4,7,4.9,6,本科,南京,未婚,否,男
E1034,宋阳,人力资源部,销售经理,2021-12-12,17832,8089,52535,34,22,53,4,1,4.2,3,本科,广州,已婚,否,男
E1035,秦岚,运营部,产品经理,2017-07-28,20504,7853,62319,30,22,39,8,4,4.8,5,大专,西安,已婚,是,男
E1036,顾磊,运营部,客户经理,2018-02-24,14910,8357,29639,3,22,39,2,6,4.2,4,硕士,成都,已婚,否,女
E1037,欧阳静,运营部,市场专员,2018-08-31,22089,3849,72712,36,21,47,8,4,4.1,3,本科,武汉,已婚,否,女
E1038,慕容华,销售部,招聘专员,2012-12-14,10196,3432,24633,16,22,30,17,5,3.7,5,硕士,重庆,已婚,否,男
E1039,诸葛明,人力资源部,后端工程师,2014-08-17,13978,4794,42660,38,22,29,15,7,4.1,2,本科,西安,已婚,是,男
E1040,东方红,人力资源部,架构师,2017-05-17,8780,3257,40172,25,22,41,0,5,4.3,1,本科,西安,离异,是,男
E1041,张伟,技术部,销售经理,2013-11-23,17908,7646,67197,38,21,43,1,4,3.5,1,本科,深圳,离异,否,男
E1042,李芳,销售部,财务主管,2016-04-08,14303,6585,66847,3,21,40,13,7,4.2,5,本科,杭州,未婚,否,男
E1043,王磊,财务部,数据分析师,2013-01-12,22686,7137,19577,29,21,51,13,6,4.7,3,本科,南京,已婚,否,女
E1044,陈敏,销售部,会计,2020-01-25,11983,2616,28176,29,21,49,0,1,4.5,4,大专,北京,已婚,是,女
E1045,赵强,财务部,运营主管,2020-02-11,17503,4067,52386,21,20,32,15,7,4.5,2,本科,成都,未婚,否,男
E1046,孙丽,技术部,架构师,2021-12-08,24905,4999,71972,10,22,52,14,3,4.9,5,本科,深圳,已婚,否,男
E1047,周涛,市场部,运营主管,2013-06-10,21070,1992,49003,1,21,51,14,7,3.5,2,大专,杭州,未婚,否,女
E1048,吴迪,人力资源部,HRBP,2020-10-29,20232,4806,27996,11,21,44,11,5,4.3,1,本科,杭州,已婚,否,男
E1049,郑爽,技术部,销售经理,2019-08-13,12583,2119,43931,29,22,40,15,5,4.7,6,本科,上海,未婚,否,男
E1050,林晨,人力资源部,HRBP,2018-03-03,13946,4732,43710,35,21,33,13,5,4.3,6,大专,南京,未婚,否,男
E1051,郭峰,运营部,软件工程师,2018-11-07,24377,5323,42693,17,20,36,14,6,4.0,4,大专,上海,已婚,否,女
E1052,唐雅,市场部,HRBP,2021-02-26,15128,7974,43740,25,22,52,14,7,3.7,2,本科,深圳,已婚,否,女
E1053,沈鹏,市场部,软件工程师,2015-06-13,19889,3880,25374,6,21,36,7,7,4.8,5,博士,杭州,已婚,否,男
E1054,宋阳,技术部,数据分析师,2017-02-18,20275,7693,53913,0,22,50,1,2,4.2,4,本科,北京,离异,否,女
E1055,秦岚,市场部,软件工程师,2016-10-29,10461,3046,74025,25,21,47,1,6,4.8,3,大专,成都,已婚,否,女
E1056,顾磊,财务部,架构师,2013-06-04,22291,6458,52516,22,22,23,9,1,4.4,6,本科,上海,未婚,是,男
E1057,欧阳静,市场部,产品经理,2016-08-28,22036,7287,34069,25,23,41,2,1,4.5,5,硕士,杭州,已婚,是,女
E1058,慕容华,人力资源部,运营主管,2014-10-13,19435,5063,64233,5,22,36,16,1,4.7,2,本科,成都,已婚,否,女
E1059,诸葛明,人力资源部,会计,2020-03-22,8685,3105,67049,5,22,25,7,1,4.5,4,本科,南京,已婚,是,女
E1060,东方红,人力资源部,产品经理,2019-08-05,20258,5252,47178,7,22,43,3,1,4.1,5,本科,重庆,未婚,否,女
E1061,张伟,人力资源部,招聘专员,2014-10-10,23990,7915,40821,23,22,44,13,4,4.3,4,本科,成都,已婚,否,女
E1062,李芳,财务部,HRBP,2018-12-23,24422,6175,59727,21,20,47,9,5,4.7,4,大专,杭州,未婚,否,女
E1063,王磊,销售部,财务主管,2012-04-26,18736,3390,68935,18,22,32,0,6,4.1,4,本科,深圳,已婚,否,男
E1064,陈敏,运营部,招聘专员,2018-08-30,12875,2775,24999,36,22,49,3,4,4.1,2,本科,上海,已婚,是,男
E1065,赵强,技术部,销售经理,2015-09-29,19182,8203,70522,17,22,23,0,6,3.6,5,博士,上海,已婚,是,男
E1066,孙丽,人力资源部,软件工程师,2013-08-06,10196,4243,46712,30,20,29,16,2,4.9,1,本科,武汉,已婚,否,女
E1067,周涛,市场部,运营主管,2013-01-29,15165,7451,72551,36,22,50,16,7,3.6,1,大专,杭州,未婚,否,男
E1068,吴迪,人力资源部,市场专员,2014-12-23,23997,8757,48172,29,22,32,6,3,4.5,2,本科,武汉,已婚,否,女
E1069,郑爽,市场部,后端工程师,2019-07-31,22215,3993,41722,32,21,39,14,5,4.1,2,本科,北京,已婚,否,女
E1070,林晨,运营部,架构师,2012-03-12,8301,8660,18625,9,22,35,12,2,4.1,6,本科,北京,未婚,否,男
E1071,郭峰,运营部,会计,2012-09-30,22571,6951,14859,36,21,31,1,4,4.5,4,大专,杭州,已婚,否,女
E1072,唐雅,运营部,前端工程师,2017-07-06,17951,6758,49609,11,22,30,12,3,3.6,5,本科,上海,未婚,否,男
E1073,沈鹏,市场部,架构师,2015-09-05,18773,1856,51307,29,21,32,10,7,4.4,5,本科,南京,已婚,否,女
E1074,宋阳,人力资源部,数据分析师,2012-12-03,24140,7220,29839,26,22,33,14,2,4.7,3,本科,广州,已婚,否,男
E1075,秦岚,运营部,市场专员,2015-10-21,21057,7917,35216,38,22,24,9,7,4.7,3,硕士,北京,已婚,否,男
E1076,顾磊,财务部,财务主管,2021-10-06,20500,8686,60953,8,22,35,8,7,3.8,1,本科,上海,未婚,否,男
E1077,欧阳静,市场部,后端工程师,2013-08-29,23921,7602,68593,20,22,49,8,6,4.8,3,本科,西安,未婚,是,男
E1078,慕容华,市场部,市场专员,2012-06-14,19870,7954,57522,11,22,32,0,3,4.5,3,本科,西安,离异,否,女
E1079,诸葛明,人力资源部,HRBP,2016-04-16,12082,2369,12886,28,21,46,16,6,4.8,1,本科,武汉,已婚,否,男
E1080,东方红,市场部,软件工程师,2017-08-20,21718,2385,15485,32,22,42,11,7,4.2,6,本科,成都,未婚,否,女
E1081,张伟,市场部,会计,2015-08-17,18517,3501,39455,14,21,31,9,2,4.3,1,硕士,南京,未婚,否,男
E1082,李芳,运营部,客户经理,2013-12-29,11754,7797,24767,1,22,36,4,7,4.9,3,本科,武汉,未婚,否,男
E1083,王磊,人力资源部,软件工程师,2019-10-19,9724,7009,36453,38,21,40,17,4,4.8,5,本科,西安,已婚,否,男
E1084,陈敏,运营部,客户经理,2017-08-05,9376,2783,61442,17,22,43,14,7,4.2,3,本科,南京,已婚,否,女
E1085,赵强,运营部,招聘专员,2012-04-11,16706,2119,59877,2,23,42,5,6,3.9,4,本科,广州,已婚,是,男
E1086,孙丽,人力资源部,后端工程师,2021-07-28,16894,2382,20226,6,23,53,6,3,4.1,4,本科,成都,已婚,否,男
E1087,周涛,技术部,运营主管,2015-11-16,24406,2296,30588,17,22,44,16,2,4.1,4,本科,武汉,已婚,否,女
E1088,吴迪,运营部,前端工程师,2014-02-17,13926,5142,39709,37,21,34,5,6,3.9,6,博士,西安,已婚,是,男
E1089,郑爽,财务部,销售经理,2012-08-01,14251,7768,55788,36,22,26,7,7,3.9,2,大专,北京,未婚,否,女
E1090,林晨,财务部,产品经理,2015-01-16,17496,4925,45019,32,22,25,11,4,4.8,4,本科,北京,已婚,否,男
E1091,郭峰,市场部,软件工程师,2016-04-25,11300,2796,52948,30,21,49,13,5,3.6,5,博士,武汉,离异,否,男
E1092,唐雅,财务部,会计,2018-09-14,16553,6214,73133,10,23,35,11,4,4.5,6,大专,广州,已婚,否,男
E1093,沈鹏,市场部,产品经理,2019-03-20,11727,7430,74458,3,22,29,9,7,3.8,2,本科,广州,已婚,是,女
E1094,宋阳,技术部,数据分析师,2020-01-15,24898,1744,35526,17,23,30,14,4,4.0,2,本科,杭州,已婚,否,男
E1095,秦岚,人力资源部,数据分析师,2020-07-14,24832,4395,60198,3,22,42,6,5,3.6,4,大专,成都,已婚,否,男
E1096,顾磊,人力资源部,市场专员,2016-08-22,14019,8093,51395,33,22,39,8,4,3.9,3,本科,上海,已婚,否,男
E1097,欧阳静,人力资源部,产品经理,2021-09-04,23463,2429,32031,28,22,54,9,5,4.7,1,硕士,广州,未婚,否,女
E1098,慕容华,财务部,会计,2013-08-14,18047,6866,45701,23,20,29,9,7,4.8,3,大专,成都,离异,否,女
E1099,诸葛明,技术部,后端工程师,2015-08-26,19754,2019,33939,21,22,38,15,5,3.8,3,本科,广州,已婚,否,女
E1100,东方红,财务部,招聘专员,2015-01-14,10520,4712,57145,1,22,52,6,6,4.2,2,本科,杭州,未婚,否,女
E1101,张伟,财务部,客户经理,2017-11-09,11081,3909,28324,5,20,27,4,6,4.2,2,硕士,重庆,已婚,否,女
E1102,李芳,技术部,市场专员,2019-06-13,9428,1507,30867,24,22,43,2,5,4.8,6,大专,广州,已婚,否,女
E1103,王磊,技术部,数据分析师,2013-12-14,11967,4025,8203,20,22,35,17,2,4.6,6,本科,成都,未婚,是,男
E1104,陈敏,技术部,销售经理,2014-07-24,14445,4923,24544,15,22,24,10,3,4.3,2,本科,杭州,离异,否,男
E1105,赵强,技术部,销售经理,2017-05-05,22566,3519,23899,30,22,33,14,2,4.5,5,本科,杭州,已婚,否,男
E1106,孙丽,人力资源部,软件工程师,2012-08-29,22042,6090,37063,13,21,33,4,5,4.8,5,硕士,成都,已婚,否,男
E1107,周涛,销售部,后端工程师,2017-08-05,19329,7225,11748,38,23,23,11,3,3.5,1,硕士,成都,未婚,否,男
E1108,吴迪,销售部,运营主管,2012-01-02,10159,8476,74629,27,21,23,3,6,4.1,2,大专,北京,已婚,否,女
E1109,郑爽,技术部,数据分析师,2018-03-22,13132,6658,28884,31,22,36,14,3,4.9,4,本科,重庆,未婚,否,女
E1110,林晨,销售部,财务主管,2019-10-19,22933,8236,33183,27,22,44,8,5,4.6,6,本科,杭州,已婚,否,女
E1111,郭峰,销售部,后端工程师,2016-11-03,18473,5782,27259,8,22,50,6,6,4.3,2,本科,北京,已婚,否,男
E1112,唐雅,技术部,招聘专员,2017-05-03,18805,5167,43959,21,20,38,9,3,4.3,5,本科,南京,已婚,是,女
E1113,沈鹏,销售部,客户经理,2019-03-21,11083,5171,41457,31,22,53,12,3,4.0,2,本科,武汉,未婚,否,男
E1114,宋阳,财务部,会计,2017-12-03,21944,4301,10103,4,22,28,7,2,4.3,5,本科,武汉,未婚,否,女
E1115,秦岚,市场部,产品经理,2014-07-06,15604,7473,73901,22,21,51,11,3,4.5,2,博士,杭州,未婚,否,男
E1116,顾磊,市场部,数据分析师,2020-09-09,23379,7736,52535,4,22,49,0,7,4.1,4,大专,北京,未婚,是,女
E1117,欧阳静,技术部,产品经理,2018-02-19,11983,1585,24103,31,23,35,15,5,4.6,1,硕士,重庆,已婚,否,男
E1118,慕容华,人力资源部,销售经理,2020-11-11,9778,4615,20391,9,23,51,16,1,4.8,4,本科,重庆,已婚,否,女
E1119,诸葛明,技术部,会计,2019-12-28,13110,5732,36901,38,20,38,17,1,3.7,5,本科,南京,已婚,否,男
E1120,东方红,人力资源部,会计,2012-03-30,20087,3968,58357,14,21,53,10,1,4.2,6,硕士,杭州,已婚,否,女
E1121,张伟,市场部,会计,2016-09-05,10179,7717,46437,6,22,27,17,5,4.1,6,本科,广州,未婚,是,男
E1122,李芳,技术部,销售经理,2017-12-09,17596,5119,43503,28,22,45,6,1,4.5,3,本科,南京,未婚,否,男
E1123,王磊,运营部,招聘专员,2012-05-22,13251,3136,49258,2,21,27,17,2,3.9,4,本科,北京,未婚,是,男
E1124,陈敏,财务部,产品经理,2020-04-29,17235,5083,41724,18,21,48,7,5,4.5,2,本科,广州,已婚,是,男
E1125,赵强,销售部,架构师,2012-04-15,22871,8823,72286,9,23,39,5,7,4.8,1,硕士,武汉,已婚,否,女
E1126,孙丽,人力资源部,产品经理,2014-06-05,9013,5509,22908,27,23,45,6,6,4.1,2,硕士,深圳,未婚,否,女
E1127,周涛,运营部,HRBP,2013-03-03,24610,4826,58626,28,20,45,9,7,4.9,2,大专,武汉,未婚,是,女
E1128,吴迪,销售部,客户经理,2015-08-21,9828,3718,45228,14,22,36,10,5,5.0,4,大专,杭州,已婚,是,男
E1129,郑爽,销售部,财务主管,2017-03-10,15909,7347,31386,34,22,32,12,5,3.7,1,本科,成都,已婚,否,女
E1130,林晨,技术部,架构师,2017-06-17,13588,3717,54754,5,21,43,8,3,3.8,3,大专,武汉,已婚,否,男
E1131,郭峰,销售部,客户经理,2012-11-12,21109,7383,36302,11,22,45,6,3,4.9,2,本科,西安,已婚,否,女
E1132,唐雅,财务部,市场专员,2017-06-09,10023,6467,68815,37,22,22,8,3,4.9,1,大专,武汉,未婚,否,男
E1133,沈鹏,运营部,后端工程师,2013-09-26,22537,3869,71344,12,22,39,12,4,3.6,3,本科,武汉,离异,否,女
E1134,宋阳,销售部,后端工程师,2017-04-09,13891,5138,43618,28,22,33,2,2,3.5,2,大专,武汉,已婚,否,男
E1135,秦岚,技术部,前端工程师,2017-08-18,9080,4003,69114,18,22,49,2,5,3.7,1,本科,武汉,未婚,否,男
E1136,顾磊,财务部,后端工程师,2019-09-22,13036,2443,33525,2,22,28,0,7,5.0,4,本科,广州,已婚,否,女
E1137,欧阳静,市场部,产品经理,2020-08-10,23379,7222,22334,7,21,44,1,5,3.8,6,本科,广州,已婚,否,女
E1138,慕容华,运营部,销售经理,2021-05-23,18822,4337,70767,7,22,42,2,3,4.3,6,博士,武汉,未婚,否,女
E1139,诸葛明,销售部,财务主管,2018-03-20,10563,4160,14644,19,22,32,14,5,4.8,2,硕士,上海,已婚,否,男
E1140,东方红,技术部,运营主管,2015-12-10,11292,8822,40933,3,21,43,5,6,3.5,2,本科,上海,未婚,是,男
E1141,张伟,市场部,软件工程师,2013-07-06,11586,4436,51469,20,21,50,12,5,4.4,1,大专,广州,未婚,否,男
E1142,李芳,市场部,前端工程师,2021-06-03,24087,5944,41687,2,21,49,0,7,3.9,6,硕士,深圳,已婚,否,女
E1143,王磊,人力资源部,软件工程师,2013-12-16,24100,5447,60656,7,23,39,0,1,4.8,2,硕士,成都,未婚,是,男
E1144,陈敏,财务部,客户经理,2015-07-11,14643,3176,25375,22,21,35,1,6,3.9,3,硕士,南京,已婚,否,女
E1145,赵强,销售部,软件工程师,2016-09-09,11959,2696,73206,15,21,39,14,6,4.5,2,大专,西安,离异,否,男
E1146,孙丽,技术部,软件工程师,2017-02-26,19005,5605,44607,12,22,49,13,5,4.5,6,博士,西安,未婚,否,女
E1147,周涛,人力资源部,前端工程师,2021-04-12,18775,4287,31993,2,22,45,10,4,3.8,5,本科,武汉,已婚,否,男
E1148,吴迪,财务部,市场专员,2015-01-12,8161,8932,52386,8,21,29,14,3,3.6,6,本科,深圳,已婚,否,男
E1149,郑爽,人力资源部,产品经理,2015-09-03,24029,2961,54287,13,23,29,5,2,4.1,3,硕士,上海,已婚,否,女
E1150,林晨,运营部,会计,2012-04-20,24977,4818,16210,12,22,25,8,2,3.9,1,本科,上海,已婚,否,男
E1151,郭峰,财务部,后端工程师,2012-09-07,22226,2166,18922,6,22,48,4,1,4.7,3,硕士,深圳,未婚,否,男
E1152,唐雅,财务部,后端工程师,2018-08-27,19154,8189,44289,14,22,26,1,2,4.7,5,本科,成都,已婚,是,女
E1153,沈鹏,销售部,销售经理,2017-08-16,20080,7118,41340,6,20,54,5,2,4.2,5,博士,广州,已婚,是,男
E1154,宋阳,财务部,前端工程师,2013-04-03,11390,3676,47850,37,22,51,17,3,4.4,2,本科,成都,离异,否,女
E1155,秦岚,人力资源部,销售经理,2015-01-12,13997,5243,64984,33,22,29,8,3,4.4,2,博士,杭州,未婚,是,女
E1156,顾磊,财务部,运营主管,2012-07-26,20693,2100,19094,21,20,47,5,4,4.7,6,大专,杭州,已婚,是,男
E1157,欧阳静,销售部,运营主管,2014-06-18,17324,4152,41418,23,21,28,13,7,4.1,4,本科,上海,未婚,是,男
E1158,慕容华,销售部,销售经理,2021-06-23,8541,5922,13741,36,22,49,12,1,3.9,3,本科,南京,离异,否,男
E1159,诸葛明,运营部,前端工程师,2021-04-08,13093,5324,30164,0,21,49,10,2,3.9,6,本科,杭州,已婚,否,女
E1160,东方红,人力资源部,销售经理,2012-01-22,21428,5406,43595,9,23,35,11,4,4.3,4,本科,上海,已婚,否,男
E1161,张伟,市场部,后端工程师,2013-02-13,19166,2479,38257,15,21,25,12,1,4.2,6,本科,武汉,已婚,否,女
E1162,李芳,市场部,架构师,2014-06-13,24063,3951,22211,7,22,39,13,6,4.2,5,大专,重庆,未婚,是,男
E1163,王磊,财务部,HRBP,2013-05-29,18258,2128,13232,24,22,46,17,2,3.6,2,本科,重庆,未婚,否,男
E1164,陈敏,运营部,财务主管,2020-10-03,24044,3129,60691,11,22,28,11,2,4.6,2,本科,北京,未婚,否,女
E1165,赵强,技术部,软件工程师,2014-03-19,13469,5196,33613,24,22,49,3,3,3.8,6,博士,武汉,未婚,否,男
E1166,孙丽,财务部,HRBP,2014-05-23,14256,4930,22026,16,22,26,9,5,3.8,2,大专,重庆,未婚,否,男
E1167,周涛,运营部,产品经理,2012-01-14,18720,5174,61535,25,22,24,16,1,4.1,1,大专,成都,已婚,否,男
E1168,吴迪,人力资源部,前端工程师,2014-08-28,9169,5429,38908,13,22,52,3,2,3.8,6,本科,北京,已婚,是,男
E1169,郑爽,人力资源部,招聘专员,2020-04-13,8830,4265,60113,35,22,41,11,1,4.4,5,本科,上海,未婚,否,男
E1170,林晨,人力资源部,HRBP,2020-05-19,9651,8684,27610,22,22,40,12,7,4.1,6,本科,深圳,已婚,是,女
E1171,郭峰,人力资源部,财务主管,2020-06-10,17518,5869,54646,5,22,32,3,4,4.2,6,本科,深圳,已婚,否,男
E1172,唐雅,人力资源部,运营主管,2017-11-04,21258,6280,71185,4,22,24,9,4,4.3,2,硕士,上海,离异,否,女
E1173,沈鹏,运营部,客户经理,2021-11-04,24184,1615,55574,24,23,44,2,5,3.8,5,本科,南京,已婚,否,男
E1174,宋阳,运营部,软件工程师,2020-02-04,9019,6456,44182,17,21,28,14,2,3.7,6,本科,上海,未婚,是,男
E1175,秦岚,销售部,财务主管,2016-04-09,18028,3503,8570,12,22,44,1,7,4.8,2,大专,广州,已婚,是,女
E1176,顾磊,市场部,会计,2015-08-17,20448,2192,27288,13,22,28,16,3,4.2,3,本科,深圳,已婚,否,男
E1177,欧阳静,人力资源部,招聘专员,2015-06-20,20485,4662,37877,27,22,40,5,2,4.1,5,大专,重庆,未婚,否,男
E1178,慕容华,技术部,前端工程师,2017-12-09,9283,2605,8917,17,22,30,7,1,3.6,4,本科,西安,未婚,否,女
E1179,诸葛明,运营部,软件工程师,2020-10-23,9733,7967,72575,27,23,39,2,6,4.2,1,本科,北京,未婚,否,女
E1180,东方红,技术部,产品经理,2021-12-17,24230,4508,47104,26,22,46,17,4,4.3,4,本科,南京,未婚,否,男
E1181,张伟,技术部,HRBP,2014-01-19,22472,3661,26062,31,21,35,0,1,4.3,5,本科,杭州,已婚,否,女
E1182,李芳,技术部,运营主管,2021-05-20,20889,7388,24999,8,20,46,15,5,4.6,6,硕士,武汉,已婚,是,女
E1183,王磊,销售部,市场专员,2013-11-15,11471,8725,69845,39,22,40,6,4,3.8,2,大专,南京,未婚,是,女
E1184,陈敏,运营部,架构师,2017-04-11,17028,1653,17941,31,22,36,2,3,3.9,5,本科,杭州,已婚,否,女
E1185,赵强,技术部,会计,2018-06-14,16329,7496,69169,19,21,37,3,4,4.7,1,大专,南京,已婚,否,男
E1186,孙丽,人力资源部,招聘专员,2013-11-25,10097,7023,31470,27,21,48,8,6,4.9,5,本科,西安,未婚,是,男
E1187,周涛,财务部,架构师,2018-05-24,22082,5199,67821,32,20,31,4,7,3.7,2,硕士,南京,未婚,是,女
E1188,吴迪,技术部,软件工程师,2012-11-02,21930,6885,52435,3,22,25,14,2,4.2,4,本科,重庆,未婚,是,男
E1189,郑爽,销售部,运营主管,2017-06-12,18077,5910,12529,33,22,40,7,6,3.8,3,本科,上海,未婚,否,女
E1190,林晨,运营部,运营主管,2020-02-09,14397,5286,20192,2,22,49,5,7,3.6,4,硕士,广州,未婚,是,男
E1191,郭峰,销售部,财务主管,2013-10-23,10757,2564,42087,25,22,42,17,6,4.0,2,本科,北京,未婚,否,男
E1192,唐雅,技术部,HRBP,2013-07-02,13017,5700,74677,7,22,35,14,2,3.7,2,本科,深圳,已婚,否,女
E1193,沈鹏,运营部,财务主管,2021-05-16,24370,7520,12627,5,22,54,6,4,4.6,1,本科,杭州,已婚,否,女
E1194,宋阳,财务部,后端工程师,2012-11-07,15999,3413,64541,15,22,31,9,5,4.3,5,本科,北京,未婚,是,男
E1195,秦岚,技术部,HRBP,2019-12-30,18195,2716,11255,23,21,40,5,2,3.7,5,大专,南京,未婚,否,男
E1196,顾磊,销售部,后端工程师,2014-12-18,10096,7020,65433,38,22,51,13,2,3.5,4,硕士,上海,已婚,是,男
E1197,欧阳静,市场部,财务主管,2020-02-19,23433,8945,13213,29,22,43,16,7,4.7,3,本科,北京,已婚,否,女
E1198,慕容华,人力资源部,后端工程师,2016-10-03,18595,3901,27404,12,23,24,8,3,3.8,3,大专,上海,已婚,是,男
E1199,诸葛明,销售部,会计,2014-01-24,23941,8659,33380,4,21,39,4,4,4.4,1,本科,杭州,已婚,否,女
E1200,东方红,运营部,财务主管,2012-02-04,23078,3272,27173,24,20,32,6,2,4.0,2,本科,重庆,未婚,否,女
E1201,张伟,技术部,HRBP,2013-03-20,13105,3460,61027,19,20,23,6,5,4.4,1,大专,重庆,未婚,否,女
E1202,李芳,人力资源部,数据分析师,2017-11-10,10839,4280,31989,17,22,33,1,1,4.0,5,本科,上海,已婚,否,男
E1203,王磊,技术部,财务主管,2017-06-05,11384,7199,32519,17,22,27,15,4,3.6,6,硕士,上海,未婚,否,女
E1204,陈敏,运营部,市场专员,2015-05-15,18851,6304,30439,1,20,50,12,3,3.8,6,硕士,广州,离异,否,男
E1205,赵强,技术部,招聘专员,2012-12-18,18053,8923,22995,9,22,51,7,6,3.8,6,博士,武汉,已婚,否,女
E1206,孙丽,市场部,销售经理,2014-06-21,21493,6246,31559,11,22,23,5,2,4.1,2,硕士,广州,已婚,否,男
E1207,周涛,人力资源部,销售经理,2015-09-17,22139,4371,13021,12,20,30,5,5,4.5,1,大专,北京,未婚,否,男
E1208,吴迪,人力资源部,HRBP,2019-12-19,15531,6542,29119,10,22,23,8,4,3.9,4,本科,成都,已婚,否,女
E1209,郑爽,运营部,HRBP,2016-10-14,12283,2160,59539,18,21,50,3,5,3.5,5,硕士,广州,已婚,否,女
E1210,林晨,市场部,架构师,2012-06-07,15736,7742,47350,34,22,54,10,5,4.3,6,本科,北京,未婚,否,男
E1211,郭峰,销售部,招聘专员,2017-05-31,15710,4135,54223,38,22,31,4,7,4.4,3,本科,深圳,未婚,是,男
E1212,唐雅,技术部,招聘专员,2014-08-14,9619,3829,33517,25,22,29,16,6,4.9,1,本科,北京,已婚,是,女
E1213,沈鹏,财务部,会计,2017-09-02,21975,5454,30250,13,21,54,6,3,4.4,5,本科,北京,已婚,是,女
E1214,宋阳,技术部,HRBP,2013-02-07,20835,3950,74798,23,23,27,14,4,4.2,5,硕士,上海,已婚,是,男
E1215,秦岚,技术部,招聘专员,2019-10-23,23261,2632,62199,0,22,40,14,2,4.4,3,本科,西安,未婚,否,男
E1216,顾磊,销售部,产品经理,2013-05-30,9431,2199,67546,21,22,53,13,3,4.9,3,本科,南京,已婚,否,女
E1217,欧阳静,技术部,架构师,2019-08-11,17067,7842,11327,22,20,48,12,2,4.7,3,博士,上海,已婚,否,男
E1218,慕容华,市场部,后端工程师,2015-10-19,12713,8970,37768,18,20,22,10,1,4.0,6,本科,上海,已婚,否,女
E1219,诸葛明,市场部,运营主管,2021-06-15,17557,3538,72418,17,20,54,12,5,3.9,6,大专,西安,已婚,否,女
E1220,东方红,人力资源部,运营主管,2019-01-23,17435,7970,50788,11,21,53,8,1,3.9,1,本科,西安,已婚,否,女
E1221,张伟,运营部,后端工程师,2014-08-13,12998,7797,54830,27,22,26,9,7,4.3,3,硕士,南京,已婚,否,女
E1222,李芳,财务部,前端工程师,2018-01-08,8162,6147,60446,27,23,38,3,5,4.6,4,本科,成都,未婚,否,男
E1223,王磊,技术部,架构师,2021-12-12,9974,6000,23160,32,22,29,16,6,4.3,5,本科,深圳,已婚,是,女
E1224,陈敏,技术部,产品经理,2016-09-08,16461,6057,64583,18,21,30,13,3,3.6,3,本科,广州,已婚,否,女
E1225,赵强,销售部,招聘专员,2020-03-13,10014,3679,41998,27,22,44,17,2,4.6,5,本科,北京,未婚,否,男
E1226,孙丽,运营部,数据分析师,2013-08-30,17833,4338,35230,36,21,28,10,7,4.7,2,硕士,广州,已婚,否,男
E1227,周涛,市场部,架构师,2018-10-03,15896,2373,17076,25,22,36,15,6,3.9,2,硕士,重庆,已婚,否,女
E1228,吴迪,财务部,财务主管,2015-06-27,8204,1583,39085,34,22,41,0,2,4.5,3,大专,杭州,未婚,否,女
E1229,郑爽,人力资源部,后端工程师,2020-09-23,24965,2922,63571,33,22,46,6,3,4.1,5,大专,成都,未婚,否,女
E1230,林晨,市场部,产品经理,2019-12-23,17032,8397,22715,34,23,24,9,4,4.8,2,博士,杭州,已婚,是,女
E1231,郭峰,运营部,市场专员,2016-03-15,13347,4175,13750,39,21,45,8,7,4.8,3,硕士,北京,未婚,是,女
E1232,唐雅,人力资源部,客户经理,2019-03-10,10643,4680,43903,15,22,43,2,1,4.3,5,硕士,西安,已婚,否,女
E1233,沈鹏,销售部,软件工程师,2018-07-10,16017,5816,40093,37,23,32,13,1,4.5,3,硕士,北京,未婚,否,男
E1234,宋阳,销售部,后端工程师,2015-12-12,13560,5475,42314,12,22,29,14,2,4.8,6,本科,深圳,已婚,否,男
E1235,秦岚,技术部,数据分析师,2020-02-27,23892,8196,56225,22,22,29,1,2,4.2,5,本科,广州,未婚,否,女
E1236,顾磊,运营部,招聘专员,2016-12-02,22531,2891,43179,21,23,48,13,2,4.0,2,本科,南京,未婚,否,男
E1237,欧阳静,财务部,数据分析师,2012-10-21,12000,4718,33338,15,20,49,15,7,4.6,3,大专,武汉,已婚,否,男
E1238,慕容华,人力资源部,数据分析师,2014-01-24,22289,5707,40101,27,23,53,6,3,3.8,2,本科,武汉,已婚,否,女
E1239,诸葛明,市场部,HRBP,2015-10-26,15927,2114,10775,34,20,36,3,4,4.1,3,本科,南京,未婚,是,男
E1240,东方红,运营部,HRBP,2012-07-04,23562,7177,53619,7,22,38,17,1,4.8,1,本科,西安,未婚,否,男
E1241,张伟,运营部,会计,2015-06-23,9171,4471,53838,21,22,54,4,6,4.6,2,本科,武汉,已婚,否,女
E1242,李芳,销售部,后端工程师,2013-09-28,19918,5065,27539,20,21,37,5,5,4.1,2,本科,西安,已婚,是,女
E1243,王磊,技术部,会计,2015-07-15,17135,5076,65124,25,22,50,6,7,3.8,4,大专,上海,离异,是,女
E1244,陈敏,技术部,后端工程师,2021-01-21,14342,6070,73149,39,22,30,14,7,4.0,6,本科,深圳,离异,否,男
E1245,赵强,人力资源部,架构师,2013-06-13,19929,8479,34616,20,23,54,0,3,3.9,2,大专,成都,已婚,是,女
E1246,孙丽,销售部,软件工程师,2021-12-02,10539,7509,62567,24,22,50,3,1,3.8,5,大专,广州,已婚,否,男
E1247,周涛,运营部,数据分析师,2017-08-30,11959,1770,45099,0,22,34,0,4,4.6,3,博士,广州,已婚,否,女
E1248,吴迪,财务部,架构师,2020-02-06,21183,5566,69799,5,22,42,10,3,3.9,1,大专,成都,已婚,否,女
E1249,郑爽,销售部,客户经理,2019-12-24,13432,3968,33479,22,22,42,17,6,4.2,5,本科,北京,未婚,否,女
E1250,林晨,人力资源部,运营主管,2014-03-04,9753,7516,54172,22,22,26,13,1,4.1,5,本科,北京,未婚,否,女
E1251,郭峰,人力资源部,销售经理,2021-10-31,18123,8350,63863,22,22,31,10,3,5.0,5,本科,杭州,未婚,否,男
E1252,唐雅,销售部,财务主管,2017-11-17,24376,2890,50043,31,22,27,9,1,4.1,5,大专,北京,未婚,否,男
E1253,沈鹏,人力资源部,产品经理,2019-08-31,14588,8947,23408,29,22,34,16,1,3.6,1,本科,西安,未婚,否,女
E1254,宋阳,销售部,后端工程师,2013-04-22,14304,4854,65980,12,20,22,3,7,3.6,4,本科,南京,已婚,否,男
E1255,秦岚,市场部,客户经理,2016-06-10,15345,5635,24351,17,20,41,14,4,4.4,6,本科,上海,已婚,否,女
E1256,顾磊,销售部,运营主管,2021-03-23,23352,7578,12131,22,21,29,15,7,4.4,2,本科,成都,已婚,否,女
E1257,欧阳静,销售部,招聘专员,2014-07-28,8597,7832,52825,14,22,31,12,5,4.1,5,硕士,西安,未婚,否,男
E1258,慕容华,人力资源部,前端工程师,2013-06-09,10336,8831,19349,32,22,30,8,4,4.1,2,硕士,西安,未婚,否,男
E1259,诸葛明,人力资源部,软件工程师,2018-07-09,17879,6589,68931,20,22,24,10,1,3.6,2,本科,杭州,已婚,是,女
E1260,东方红,技术部,产品经理,2012-01-02,8572,7608,52254,38,22,32,10,3,4.3,5,大专,西安,未婚,否,女
E1261,张伟,技术部,会计,2013-01-09,15521,5107,46225,22,21,33,5,6,4.3,4,本科,深圳,已婚,是,女
E1262,李芳,市场部,会计,2018-05-29,14171,4083,20453,26,22,31,0,4,3.7,2,本科,北京,离异,否,男
E1263,王磊,技术部,架构师,2019-11-24,21992,5573,26814,17,22,46,5,5,3.7,3,大专,广州,未婚,否,女
E1264,陈敏,销售部,产品经理,2020-05-10,19861,4575,26263,23,22,46,12,1,3.7,2,本科,深圳,未婚,是,女
E1265,赵强,人力资源部,HRBP,2013-07-06,20464,5406,23735,39,23,32,4,6,3.7,6,本科,上海,已婚,否,女
E1266,孙丽,技术部,运营主管,2018-06-23,9633,1789,23830,6,22,47,14,4,4.4,5,本科,上海,离异,否,女
E1267,周涛,技术部,前端工程师,2016-03-05,20485,3980,55893,19,22,35,17,7,3.8,1,本科,上海,已婚,否,女
E1268,吴迪,市场部,客户经理,2017-01-25,18849,8114,52673,26,22,22,13,7,3.9,2,硕士,北京,已婚,否,女
E1269,郑爽,运营部,软件工程师,2013-01-15,11648,4752,53066,5,23,25,14,4,3.8,4,本科,西安,未婚,否,男
E1270,林晨,市场部,运营主管,2016-07-04,23177,8915,11373,26,22,51,4,4,4.9,3,硕士,上海,离异,否,女
E1271,郭峰,销售部,前端工程师,2012-01-14,21140,8271,18335,8,20,33,3,4,4.8,3,大专,成都,未婚,否,女
E1272,唐雅,人力资源部,销售经理,2013-05-18,22357,1778,31741,30,22,34,1,6,3.8,1,硕士,广州,未婚,是,男
E1273,沈鹏,市场部,后端工程师,2018-03-28,21368,4424,18692,20,22,52,6,7,4.0,6,大专,西安,已婚,是,男
E1274,宋阳,技术部,会计,2017-07-01,11137,2080,55295,25,22,44,9,3,3.8,1,大专,杭州,已婚,否,女
E1275,秦岚,人力资源部,客户经理,2020-08-21,8097,6458,53541,39,21,25,15,5,4.2,6,本科,北京,未婚,否,男
E1276,顾磊,人力资源部,会计,2012-05-09,19407,1753,42057,12,22,37,9,5,3.5,2,本科,南京,未婚,否,女
E1277,欧阳静,技术部,客户经理,2014-04-17,20722,5776,74983,22,23,28,17,1,4.5,5,硕士,深圳,未婚,否,男
E1278,慕容华,市场部,架构师,2020-10-21,20924,6276,27583,19,21,43,16,2,4.3,4,本科,重庆,未婚,是,男
E1279,诸葛明,技术部,HRBP,2020-01-17,11750,2324,30765,36,22,50,12,3,4.8,3,本科,深圳,未婚,否,女
E1280,东方红,运营部,客户经理,2017-08-02,16535,5332,67287,27,20,32,0,7,3.7,1,本科,上海,离异,否,男
E1281,张伟,人力资源部,会计,2012-01-28,12666,2199,31906,16,20,54,0,1,4.7,4,本科,广州,已婚,否,女
E1282,李芳,财务部,架构师,2017-10-14,24009,8209,54525,27,21,50,14,1,4.7,6,本科,杭州,已婚,否,男
E1283,王磊,财务部,客户经理,2020-11-08,24994,6945,46230,1,20,33,0,4,3.7,5,本科,西安,已婚,否,女
E1284,陈敏,销售部,销售经理,2015-06-06,9727,2880,27520,24,22,28,5,2,4.1,3,本科,成都,已婚,否,男
E1285,赵强,技术部,HRBP,2012-09-17,9854,5396,59934,5,20,47,12,7,3.8,3,硕士,武汉,已婚,否,女
E1286,孙丽,技术部,客户经理,2017-08-08,18800,3173,33566,10,21,30,0,2,3.9,6,博士,深圳,已婚,否,女
E1287,周涛,销售部,架构师,2016-01-12,13055,4227,38134,37,21,34,4,3,3.9,5,本科,武汉,未婚,是,女
E1288,吴迪,销售部,招聘专员,2015-12-18,18271,8034,18345,5,21,46,8,2,4.3,3,本科,西安,已婚,否,女
E1289,郑爽,销售部,运营主管,2013-04-04,20819,7234,49185,10,20,45,16,1,4.1,5,本科,广州,已婚,是,男
E1290,林晨,人力资源部,市场专员,2012-10-27,17369,7553,41455,13,22,38,15,2,4.9,3,本科,武汉,已婚,是,女
E1291,郭峰,运营部,前端工程师,2020-02-14,17283,4656,36018,1,21,23,7,2,3.7,2,本科,深圳,离异,否,男
E1292,唐雅,技术部,市场专员,2021-03-28,21171,4888,62219,39,22,34,16,5,5.0,6,博士,南京,已婚,否,男
E1293,沈鹏,人力资源部,招聘专员,2018-05-23,13774,5807,53991,2,22,52,14,7,3.8,5,本科,重庆,已婚,否,女
E1294,宋阳,销售部,市场专员,2021-06-28,14519,7134,17486,34,20,50,0,7,4.7,4,博士,武汉,未婚,否,女
E1295,秦岚,技术部,招聘专员,2020-06-08,18983,1883,46862,32,22,49,11,1,4.0,2,硕士,南京,已婚,否,男
E1296,顾磊,人力资源部,软件工程师,2013-09-21,22939,7310,66870,23,20,48,4,6,3.7,4,硕士,南京,未婚,否,男
E1297,欧阳静,运营部,招聘专员,2012-09-26,8781,1841,51856,18,21,36,5,2,4.8,6,硕士,上海,未婚,是,男
E1298,慕容华,人力资源部,招聘专员,2019-03-24,24282,7434,39379,17,20,52,0,2,4.0,3,本科,重庆,未婚,否,女
E1299,诸葛明,运营部,数据分析师,2017-06-16,14823,3487,72729,23,22,36,0,4,4.5,4,本科,成都,已婚,否,女
E1300,东方红,销售部,招聘专员,2016-06-16,15193,5559,36378,34,22,54,9,7,4.3,2,本科,深圳,未婚,否,男
E1301,张伟,运营部,销售经理,2016-12-06,10113,6439,62353,0,22,41,9,2,4.2,5,大专,杭州,已婚,是,男
E1302,李芳,技术部,运营主管,2019-12-01,24280,4609,57996,35,22,33,2,7,4.2,1,本科,西安,未婚,否,男
E1303,王磊,销售部,后端工程师,2014-05-11,21565,5582,22031,24,22,30,16,2,4.6,4,本科,杭州,已婚,是,女
E1304,陈敏,技术部,客户经理,2021-05-25,18183,7130,73982,33,21,44,10,5,3.6,1,本科,武汉,已婚,否,男
E1305,赵强,财务部,前端工程师,2015-07-04,17203,6015,44683,24,22,29,17,1,4.5,6,博士,重庆,未婚,否,男
E1306,孙丽,市场部,HRBP,2017-12-20,23795,4298,25618,15,21,53,1,7,4.8,4,硕士,武汉,未婚,否,男
E1307,周涛,运营部,运营主管,2021-03-01,21489,4740,14587,33,21,35,8,3,3.6,4,大专,重庆,已婚,否,男
E1308,吴迪,市场部,会计,2016-12-04,13546,3488,70790,28,21,48,16,1,3.7,5,本科,深圳,已婚,否,女
E1309,郑爽,市场部,后端工程师,2016-09-02,14852,7528,39480,18,21,46,13,4,4.6,3,本科,西安,已婚,否,男
E1310,林晨,运营部,软件工程师,2020-04-07,10551,4914,28527,22,22,34,3,1,4.2,2,本科,西安,未婚,否,女
E1311,郭峰,销售部,软件工程师,2019-01-04,14411,3349,31569,18,22,42,16,2,4.1,2,本科,深圳,已婚,否,女
E1312,唐雅,财务部,财务主管,2018-06-18,24391,1805,19151,24,20,52,16,4,3.7,2,本科,成都,离异,是,男
E1313,沈鹏,技术部,招聘专员,2013-07-29,8475,5113,67174,15,22,26,11,1,4.3,6,本科,南京,未婚,否,女
E1314,宋阳,人力资源部,运营主管,2020-01-12,18403,4249,52739,8,22,34,17,4,3.7,3,硕士,重庆,已婚,否,男
E1315,秦岚,技术部,架构师,2017-06-26,15239,6464,40954,0,22,49,2,3,4.2,1,硕士,北京,未婚,否,男
E1316,顾磊,人力资源部,数据分析师,2015-07-31,14710,8180,43303,18,21,46,10,1,4.6,2,大专,北京,已婚,否,男
E1317,欧阳静,技术部,市场专员,2020-09-27,16078,2635,42700,32,22,28,17,7,3.9,1,本科,南京,已婚,否,男
E1318,慕容华,运营部,会计,2020-09-13,10285,7030,74788,33,23,53,3,7,4.2,3,本科,武汉,未婚,否,男
E1319,诸葛明,财务部,软件工程师,2017-05-10,13223,1705,45842,15,22,24,16,6,5.0,6,本科,重庆,未婚,否,女
E1320,东方红,人力资源部,前端工程师,2019-06-27,21521,8852,21900,39,22,43,17,2,4.5,3,大专,广州,未婚,否,女
E1321,张伟,销售部,软件工程师,2017-07-13,22889,6091,9881,17,21,29,4,4,4.8,5,本科,西安,已婚,否,男
E1322,李芳,技术部,HRBP,2020-12-19,14971,4950,41037,33,21,38,13,6,4.1,2,本科,杭州,已婚,是,女
E1323,王磊,技术部,客户经理,2018-01-21,19531,8714,9630,24,22,48,9,6,4.7,6,本科,广州,离异,否,男
E1324,陈敏,人力资源部,软件工程师,2018-06-10,22721,7505,28789,5,22,54,14,5,3.6,5,本科,杭州,已婚,是,女
E1325,赵强,销售部,HRBP,2021-10-08,12943,5311,54151,20,21,38,0,4,3.7,2,本科,西安,未婚,否,女
E1326,孙丽,销售部,运营主管,2016-07-13,14530,5122,56920,5,22,33,15,6,3.8,3,本科,北京,已婚,否,男
E1327,周涛,运营部,运营主管,2016-04-28,19116,5099,11262,31,22,48,10,5,4.1,3,大专,深圳,已婚,否,女
E1328,吴迪,运营部,数据分析师,2017-01-21,8258,4051,74981,38,22,29,5,6,4.8,4,硕士,成都,已婚,否,女
E1329,郑爽,运营部,财务主管,2018-01-12,8282,6641,62722,30,22,44,15,2,4.0,4,大专,上海,未婚,否,女
E1330,林晨,运营部,后端工程师,2015-10-22,21937,5808,58818,9,22,50,1,3,4.5,3,硕士,武汉,未婚,是,男
E1331,郭峰,运营部,软件工程师,2016-10-08,9898,1809,37932,29,22,41,0,5,4.6,3,本科,南京,已婚,否,女
E1332,唐雅,运营部,前端工程师,2017-04-09,12135,4208,14901,17,22,37,8,3,4.4,1,本科,北京,已婚,否,女
E1333,沈鹏,财务部,软件工程师,2013-09-11,14629,3491,16597,23,21,38,11,4,4.0,1,本科,深圳,未婚,否,女
E1334,宋阳,销售部,财务主管,2015-06-28,19168,8396,71909,8,21,37,16,2,4.4,5,大专,深圳,已婚,否,女
E1335,秦岚,运营部,产品经理,2014-08-14,8612,1771,16263,30,21,40,14,5,4.0,4,本科,杭州,已婚,否,女
E1336,顾磊,销售部,前端工程师,2017-04-23,22203,5142,71293,14,21,29,9,4,3.6,4,大专,深圳,未婚,否,女
E1337,欧阳静,销售部,销售经理,2018-07-09,10307,5586,33805,3,21,50,11,6,5.0,3,本科,重庆,已婚,否,女
E1338,慕容华,市场部,招聘专员,2014-08-26,15133,3322,19874,39,21,47,13,7,3.7,3,大专,武汉,离异,否,女
E1339,诸葛明,财务部,后端工程师,2019-01-02,19205,8581,22079,8,22,52,8,1,3.6,5,本科,上海,未婚,否,女
E1340,东方红,运营部,销售经理,2015-08-09,13906,4773,57850,8,21,33,12,4,4.8,6,本科,北京,已婚,否,男
E1341,张伟,技术部,产品经理,2014-11-09,10591,7675,17018,25,22,38,2,3,4.0,6,本科,重庆,已婚,否,女
E1342,李芳,人力资源部,产品经理,2012-10-08,23149,6038,57500,3,20,36,13,2,4.5,6,大专,北京,已婚,否,女
E1343,王磊,技术部,财务主管,2019-10-15,20150,7805,20100,16,23,30,9,2,4.0,4,大专,成都,未婚,是,女
E1344,陈敏,财务部,软件工程师,2020-05-30,15183,8410,65021,15,22,33,15,4,4.1,1,大专,上海,未婚,否,女
E1345,赵强,人力资源部,财务主管,2017-12-06,18102,5849,27800,14,20,53,6,6,3.9,6,本科,深圳,已婚,否,女
E1346,孙丽,财务部,财务主管,2014-11-24,9283,2020,71400,34,22,46,3,1,4.0,2,本科,成都,未婚,是,男
E1347,周涛,销售部,产品经理,2012-07-16,8923,2476,37437,4,22,39,10,3,4.1,5,本科,杭州,已婚,是,男
E1348,吴迪,人力资源部,后端工程师,2018-12-07,9125,5222,54675,4,22,36,15,4,4.6,6,本科,成都,未婚,否,男
E1349,郑爽,销售部,销售经理,2014-12-18,9529,5051,27942,19,22,53,3,4,4.3,2,本科,广州,未婚,否,男
E1350,林晨,技术部,市场专员,2019-11-24,16438,5605,28862,14,22,27,16,7,4.9,6,本科,杭州,离异,否,女
E1351,郭峰,技术部,软件工程师,2015-03-30,24154,4273,19669,17,22,26,12,2,3.6,1,本科,上海,已婚,否,女
E1352,唐雅,人力资源部,产品经理,2014-10-05,16004,4052,61772,1,22,39,10,3,4.3,1,本科,武汉,离异,否,女
E1353,沈鹏,人力资源部,销售经理,2019-07-01,17752,4332,23916,28,20,37,2,1,4.4,6,大专,广州,未婚,否,男
E1354,宋阳,运营部,市场专员,2015-05-14,18592,5407,18878,12,22,29,8,2,4.9,2,本科,北京,已婚,否,男
E1355,秦岚,财务部,市场专员,2014-11-01,11864,7179,10985,3,22,46,5,4,3.6,5,本科,南京,未婚,否,男
E1356,顾磊,运营部,运营主管,2013-05-04,8226,8079,49235,9,22,53,10,2,4.4,2,本科,南京,已婚,是,男
E1357,欧阳静,财务部,数据分析师,2012-10-02,23036,6730,26931,30,20,47,15,2,4.8,5,本科,广州,已婚,否,女
E1358,慕容华,运营部,软件工程师,2019-07-03,19739,1652,8336,7,22,43,4,5,3.9,6,本科,武汉,未婚,否,女
E1359,诸葛明,销售部,市场专员,2018-04-08,24648,7254,50933,2,23,52,13,2,4.8,5,本科,重庆,已婚,否,男
E1360,东方红,人力资源部,产品经理,2015-05-24,17587,4464,53536,8,21,31,16,6,3.5,3,本科,南京,未婚,否,女
E1361,张伟,技术部,运营主管,2015-06-28,19749,4416,59148,29,22,33,2,2,4.6,4,本科,广州,已婚,是,男
E1362,李芳,财务部,销售经理,2012-05-05,8645,8769,24279,10,22,49,3,6,4.9,4,本科,上海,离异,否,男
E1363,王磊,财务部,HRBP,2012-08-04,24299,4300,74670,34,22,27,15,3,4.5,1,本科,西安,已婚,否,男
E1364,陈敏,技术部,软件工程师,2021-03-31,21675,7452,62028,36,22,41,15,2,4.2,3,本科,武汉,离异,否,男
E1365,赵强,运营部,后端工程师,2015-04-23,18964,6810,26108,12,22,26,3,1,3.6,4,硕士,武汉,未婚,否,女
E1366,孙丽,财务部,财务主管,2020-07-07,24087,3252,60495,35,23,44,16,6,4.9,6,本科,重庆,未婚,否,女
E1367,周涛,销售部,前端工程师,2015-05-31,21537,4110,64830,12,22,30,12,6,4.2,5,本科,杭州,未婚,否,男
E1368,吴迪,人力资源部,前端工程师,2020-11-29,21269,5375,60509,11,21,50,0,4,3.5,5,本科,深圳,已婚,否,男
E1369,郑爽,技术部,销售经理,2018-12-17,17346,2604,74406,36,20,37,11,3,4.5,2,本科,南京,已婚,否,女
E1370,林晨,人力资源部,架构师,2018-10-10,8587,4036,47519,9,22,43,3,2,4.2,2,大专,深圳,未婚,否,女
E1371,郭峰,财务部,架构师,2020-11-23,20763,6490,57649,8,21,29,10,7,3.7,5,硕士,深圳,已婚,否,男
E1372,唐雅,财务部,销售经理,2014-07-07,17177,6707,42524,6,21,41,4,1,3.8,6,大专,上海,未婚,是,男
E1373,沈鹏,技术部,产品经理,2021-07-31,12079,8861,41885,1,22,35,1,4,3.6,5,本科,北京,未婚,否,男
E1374,宋阳,销售部,市场专员,2015-08-10,11348,5699,52369,22,20,32,16,3,4.4,2,本科,深圳,已婚,否,男
E1375,秦岚,市场部,数据分析师,2018-01-07,18785,5354,38676,38,22,54,7,6,4.4,4,博士,武汉,已婚,否,男
E1376,顾磊,技术部,软件工程师,2018-08-28,20328,8763,72093,39,21,52,5,1,4.3,1,大专,重庆,已婚,否,女
E1377,欧阳静,市场部,前端工程师,2016-07-19,14450,4994,55764,38,22,28,8,2,4.7,2,本科,重庆,未婚,否,女
E1378,慕容华,运营部,前端工程师,2012-11-03,21230,3414,58799,20,22,44,12,7,4.8,6,本科,西安,已婚,是,男
E1379,诸葛明,市场部,数据分析师,2015-09-21,13433,8865,39923,22,20,28,10,5,4.4,4,本科,北京,未婚,否,男
E1380,东方红,销售部,市场专员,2017-05-23,9098,4572,55574,28,22,46,15,5,3.5,4,大专,杭州,未婚,否,男
E1381,张伟,运营部,前端工程师,2019-08-25,15096,2506,51391,13,21,24,15,3,4.5,4,本科,武汉,已婚,否,男
E1382,李芳,市场部,财务主管,2014-06-10,19439,1906,61664,25,22,41,1,7,4.1,3,本科,武汉,已婚,否,女
E1383,王磊,运营部,后端工程师,2013-01-09,17087,6997,39027,4,22,51,9,1,4.3,3,大专,西安,未婚,否,女
E1384,陈敏,市场部,软件工程师,2020-06-06,24021,1666,43464,30,22,38,11,4,4.5,4,本科,成都,未婚,否,男
E1385,赵强,销售部,客户经理,2017-07-26,14416,2008,42485,24,22,31,7,1,4.0,6,本科,西安,已婚,是,女
E1386,孙丽,市场部,前端工程师,2015-09-26,14980,3161,27456,30,22,41,10,7,4.9,5,本科,深圳,未婚,否,男
E1387,周涛,市场部,销售经理,2012-05-08,19101,7956,43554,19,22,39,9,6,3.7,6,硕士,广州,已婚,是,男
E1388,吴迪,市场部,后端工程师,2014-10-11,15950,5164,54922,16,22,48,12,5,4.5,3,本科,重庆,已婚,否,女
E1389,郑爽,技术部,前端工程师,2016-12-04,17122,4989,21409,1,21,44,16,3,3.5,2,博士,西安,未婚,否,男
E1390,林晨,技术部,招聘专员,2019-06-09,20576,6358,44639,24,22,53,6,2,4.9,3,硕士,深圳,已婚,否,女
E1391,郭峰,技术部,财务主管,2021-05-16,9089,2180,71627,12,20,31,2,1,3.7,5,本科,南京,已婚,否,男
E1392,唐雅,销售部,后端工程师,2015-10-13,12578,4024,27692,38,22,32,12,5,3.6,1,大专,北京,未婚,否,男
E1393,沈鹏,运营部,运营主管,2013-05-31,17127,3620,62200,27,20,27,6,4,4.0,3,本科,武汉,已婚,否,男
E1394,宋阳,财务部,客户经理,2016-02-27,18487,6760,65415,5,22,38,8,3,4.1,6,本科,成都,未婚,否,男
E1395,秦岚,市场部,会计,2012-03-26,8155,6177,26074,2,21,33,12,2,3.8,6,本科,北京,已婚,否,女
E1396,顾磊,市场部,销售经理,2015-04-13,9958,5857,23549,34,21,42,7,1,4.4,4,本科,深圳,未婚,否,男
E1397,欧阳静,销售部,销售经理,2020-12-08,18693,2863,37963,17,22,40,17,4,4.2,4,本科,杭州,已婚,是,女
E1398,慕容华,市场部,软件工程师,2018-06-16,14344,2831,60265,10,23,24,1,2,3.6,4,本科,南京,未婚,否,女
E1399,诸葛明,技术部,数据分析师,2015-02-16,13779,3792,24061,19,22,39,17,6,4.0,1,大专,深圳,未婚,否,男
E1400,东方红,财务部,后端工程师,2021-01-02,11830,3038,66226,4,21,40,17,5,4.7,5,硕士,广州,已婚,否,女
E1401,张伟,人力资源部,市场专员,2018-10-10,17046,4908,36810,18,21,27,10,6,4.5,2,本科,上海,未婚,否,男
E1402,李芳,市场部,销售经理,2017-06-16,17794,2060,68006,21,22,37,0,5,4.6,6,博士,深圳,未婚,否,女
E1403,王磊,技术部,后端工程师,2021-07-17,8441,2599,30800,18,22,29,13,4,4.5,6,大专,西安,未婚,是,女
E1404,陈敏,人力资源部,产品经理,2017-12-01,22478,3403,65767,15,21,39,15,6,4.0,5,博士,深圳,未婚,否,男
E1405,赵强,财务部,后端工程师,2020-10-21,12628,1674,36054,23,22,33,10,5,3.6,1,大专,西安,已婚,否,男
E1406,孙丽,人力资源部,产品经理,2021-11-18,14370,3656,53397,3,22,31,0,3,3.9,4,本科,杭州,已婚,否,女
E1407,周涛,技术部,招聘专员,2012-10-29,17528,3730,21233,14,23,28,6,4,4.7,5,大专,武汉,未婚,否,男
E1408,吴迪,运营部,HRBP,2019-08-23,19565,5787,33068,24,23,22,15,5,5.0,2,本科,重庆,已婚,否,男
E1409,郑爽,运营部,HRBP,2013-08-10,16179,5660,73727,34,22,42,13,1,4.2,4,硕士,上海,已婚,否,女
E1410,林晨,人力资源部,会计,2014-09-13,24013,5420,33832,13,20,45,14,5,3.5,2,本科,杭州,已婚,否,女
E1411,郭峰,销售部,运营主管,2017-02-06,24843,8606,21682,18,21,46,13,6,3.7,3,硕士,西安,未婚,是,男
E1412,唐雅,人力资源部,会计,2012-12-10,8392,2997,31383,37,22,28,10,3,4.0,2,本科,重庆,已婚,是,女
E1413,沈鹏,市场部,产品经理,2014-03-24,20130,5354,66160,35,22,38,15,2,4.4,4,本科,广州,已婚,否,男
E1414,宋阳,市场部,前端工程师,2017-06-10,18449,4671,31666,6,22,50,16,2,3.6,3,硕士,北京,已婚,否,男
E1415,秦岚,运营部,市场专员,2019-10-19,15418,3067,66817,29,22,51,5,5,4.9,4,本科,上海,已婚,否,女
E1416,顾磊,销售部,前端工程师,2020-05-30,10454,8507,42642,18,22,28,10,2,4.0,6,本科,成都,未婚,否,男
E1417,欧阳静,技术部,架构师,2020-10-23,23223,2651,49830,24,22,54,16,5,4.9,4,硕士,杭州,已婚,否,女
E1418,慕容华,市场部,前端工程师,2015-08-03,14701,7533,18234,15,20,28,8,3,4.7,3,硕士,北京,已婚,是,男
E1419,诸葛明,运营部,软件工程师,2017-06-22,10597,1868,65616,39,21,45,17,2,4.6,2,博士,北京,离异,否,男
E1420,东方红,财务部,前端工程师,2016-08-04,8141,6446,17221,7,22,32,16,6,4.4,6,硕士,深圳,未婚,是,男
E1421,张伟,运营部,会计,2020-07-21,10659,1542,19410,17,22,30,11,6,4.4,1,大专,深圳,已婚,是,女
E1422,李芳,市场部,销售经理,2015-08-20,17031,3407,69413,27,21,33,4,1,4.5,1,硕士,成都,已婚,否,女
E1423,王磊,市场部,财务主管,2014-12-28,23037,4990,9051,15,22,25,10,5,4.4,1,本科,成都,已婚,否,男
E1424,陈敏,运营部,销售经理,2018-08-05,21970,4035,64563,18,22,49,3,2,4.3,1,博士,西安,已婚,否,女
E1425,赵强,技术部,HRBP,2021-01-04,13661,5673,52757,16,22,34,3,6,5.0,5,本科,成都,已婚,是,女
E1426,孙丽,人力资源部,财务主管,2014-10-06,14142,4373,59257,12,20,44,2,7,4.6,1,本科,北京,未婚,是,男
E1427,周涛,市场部,数据分析师,2013-12-04,20109,3324,8307,6,22,40,16,3,4.7,3,本科,西安,已婚,否,女
E1428,吴迪,运营部,市场专员,2013-07-28,16787,2793,64889,26,21,45,6,3,4.8,1,本科,重庆,未婚,否,女
E1429,郑爽,运营部,市场专员,2016-05-27,18096,6269,43944,9,23,37,3,7,3.8,4,大专,武汉,已婚,是,女
E1430,林晨,销售部,软件工程师,2020-11-06,16472,6296,46134,33,21,54,12,7,3.6,1,硕士,武汉,未婚,是,男
E1431,郭峰,人力资源部,会计,2015-01-17,24807,6354,35323,35,22,33,11,1,4.2,2,硕士,武汉,已婚,否,男
E1432,唐雅,财务部,HRBP,2013-11-18,12249,7519,33954,24,20,28,0,3,4.3,3,大专,上海,已婚,否,女
E1433,沈鹏,技术部,招聘专员,2019-09-29,22949,8371,63021,5,22,32,17,3,4.7,3,本科,上海,已婚,否,男
E1434,宋阳,财务部,架构师,2019-03-17,9750,4886,12992,23,22,52,10,2,4.2,6,本科,成都,未婚,否,女
E1435,秦岚,人力资源部,市场专员,2019-03-21,12088,4472,9961,17,21,50,2,5,4.4,5,本科,武汉,离异,否,男
E1436,顾磊,人力资源部,销售经理,2020-11-04,23282,5422,20497,22,22,34,16,4,4.3,4,本科,广州,未婚,否,女
E1437,欧阳静,人力资源部,前端工程师,2013-05-03,17641,6497,40551,5,21,52,11,3,3.6,3,硕士,深圳,未婚,否,男
E1438,慕容华,财务部,前端工程师,2020-04-06,13075,8532,63755,28,22,23,9,3,4.4,2,本科,广州,未婚,否,女
E1439,诸葛明,人力资源部,数据分析师,2015-09-09,18412,2492,21255,24,22,36,7,4,4.7,1,本科,武汉,离异,是,男
E1440,东方红,运营部,HRBP,2021-06-14,23686,6787,12567,16,22,32,14,3,3.7,3,本科,武汉,离异,否,女
E1441,张伟,财务部,会计,2020-09-08,15230,3886,56847,23,22,25,4,2,4.4,2,大专,深圳,已婚,是,男
E1442,李芳,人力资源部,会计,2013-05-08,23432,3740,56003,10,22,32,3,2,4.4,1,本科,武汉,已婚,否,男
E1443,王磊,运营部,运营主管,2016-07-25,19002,2976,28389,25,22,50,3,4,3.7,5,大专,杭州,未婚,是,男
E1444,陈敏,销售部,产品经理,2016-06-25,21947,7926,52523,33,20,23,14,6,3.7,3,本科,北京,离异,是,女
E1445,赵强,人力资源部,客户经理,2012-01-19,21686,4907,69576,27,22,37,16,3,5.0,3,本科,西安,未婚,否,女
E1446,孙丽,财务部,市场专员,2021-08-26,21074,1889,51919,2,22,34,11,6,4.1,2,硕士,深圳,未婚,否,女
E1447,周涛,市场部,会计,2021-09-23,12493,2499,11358,10,21,38,2,3,3.8,6,本科,武汉,未婚,是,男
E1448,吴迪,人力资源部,数据分析师,2018-09-10,9460,6120,13698,37,22,42,9,5,3.8,4,本科,上海,已婚,否,女
E1449,郑爽,市场部,销售经理,2014-09-27,22140,8907,74809,13,21,40,14,3,4.5,5,本科,上海,已婚,否,男
E1450,林晨,运营部,HRBP,2021-03-04,18704,3355,63805,25,22,28,9,2,4.4,4,硕士,北京,未婚,否,男
E1451,郭峰,销售部,架构师,2014-04-30,24669,7102,39349,20,20,29,17,1,4.5,3,本科,上海,离异,否,男
E1452,唐雅,技术部,运营主管,2015-10-20,24648,2158,58248,38,22,34,0,7,3.6,4,硕士,西安,已婚,否,女
E1453,沈鹏,销售部,数据分析师,2015-09-16,14816,4263,52041,29,22,23,2,1,4.8,1,本科,南京,未婚,否,男
E1454,宋阳,人力资源部,后端工程师,2015-09-29,19639,5163,39954,7,21,32,11,1,4.1,5,本科,南京,已婚,否,女
E1455,秦岚,市场部,软件工程师,2014-04-01,22424,6486,16002,19,21,45,0,1,4.0,4,大专,南京,已婚,否,女
E1456,顾磊,市场部,架构师,2013-03-30,21965,2981,27738,31,22,27,2,7,4.2,1,本科,北京,已婚,否,男
E1457,欧阳静,财务部,产品经理,2016-06-12,19240,8756,18703,21,23,47,2,6,4.1,2,本科,北京,已婚,否,女
E1458,慕容华,市场部,后端工程师,2019-08-04,8040,5231,57422,6,21,28,4,7,4.8,4,本科,西安,已婚,否,男
E1459,诸葛明,财务部,招聘专员,2020-08-02,13827,8762,69899,8,21,40,0,6,4.9,5,硕士,深圳,未婚,否,男
E1460,东方红,运营部,产品经理,2020-08-13,16259,1951,20392,0,22,27,3,7,4.0,1,硕士,成都,已婚,否,女
E1461,张伟,技术部,前端工程师,2013-12-11,22849,3975,52724,28,22,50,3,7,4.8,4,大专,南京,离异,是,男
E1462,李芳,人力资源部,软件工程师,2017-12-30,24232,4722,40299,7,22,23,16,3,4.7,2,大专,上海,未婚,否,男
E1463,王磊,财务部,市场专员,2014-07-05,15804,3037,23641,3,22,40,13,6,4.9,4,本科,广州,已婚,否,男
E1464,陈敏,技术部,销售经理,2019-11-15,13374,4593,14305,34,21,25,17,3,3.9,1,本科,成都,已婚,否,女
E1465,赵强,市场部,软件工程师,2019-04-06,10524,2382,26782,2,23,27,0,5,4.4,4,本科,西安,未婚,否,女
E1466,孙丽,市场部,产品经理,2016-02-05,17277,5908,28566,39,22,49,15,3,3.9,5,硕士,深圳,离异,否,女
E1467,周涛,技术部,客户经理,2015-12-11,17885,5568,14511,6,21,51,2,1,4.7,3,博士,上海,已婚,否,男
E1468,吴迪,市场部,后端工程师,2012-10-31,8778,6435,34177,26,22,28,8,4,3.5,1,本科,武汉,未婚,否,男
E1469,郑爽,运营部,市场专员,2014-01-05,9492,4066,12765,0,22,30,3,4,4.3,1,硕士,深圳,未婚,否,女
E1470,林晨,运营部,财务主管,2021-10-08,21615,4777,28354,26,22,46,4,2,4.0,1,本科,南京,未婚,否,女
E1471,郭峰,技术部,客户经理,2018-05-27,20132,1874,31929,15,22,54,10,2,4.0,1,本科,南京,已婚,否,女
E1472,唐雅,财务部,前端工程师,2017-05-17,18178,6046,36820,37,21,22,8,3,4.5,4,本科,武汉,已婚,否,女
E1473,沈鹏,财务部,客户经理,2017-11-19,15851,5197,37523,6,22,27,2,7,4.8,5,本科,西安,已婚,否,女
E1474,宋阳,技术部,运营主管,2017-07-02,24288,4562,74163,22,22,39,5,7,4.4,2,本科,重庆,未婚,否,男
E1475,秦岚,财务部,运营主管,2021-02-20,15156,6190,21780,10,21,31,10,4,4.8,5,本科,深圳,未婚,否,女
E1476,顾磊,财务部,招聘专员,2019-12-24,10044,4750,14589,32,22,49,8,1,3.9,1,本科,武汉,未婚,否,男
E1477,欧阳静,运营部,产品经理,2020-04-03,15368,6829,42812,35,22,32,14,6,4.3,6,本科,西安,已婚,否,男
E1478,慕容华,财务部,HRBP,2020-04-09,21635,6095,53939,36,23,54,2,1,4.2,4,博士,西安,离异,否,男
E1479,诸葛明,销售部,架构师,2019-11-29,17168,6059,59493,16,22,22,0,1,3.5,6,本科,北京,已婚,否,男
E1480,东方红,人力资源部,架构师,2014-08-19,19328,8791,48953,34,22,34,13,3,4.3,4,本科,深圳,未婚,是,女
E1481,张伟,市场部,财务主管,2020-03-08,21319,1612,73785,4,22,41,16,3,4.5,1,本科,上海,已婚,否,男
E1482,李芳,销售部,财务主管,2014-10-23,8342,6631,27309,31,23,22,13,5,4.4,4,本科,重庆,已婚,否,女
E1483,王磊,财务部,市场专员,2017-11-02,9447,4697,62195,2,22,24,16,1,4.6,1,本科,杭州,未婚,否,男
E1484,陈敏,运营部,前端工程师,2018-07-03,14581,3878,33901,34,21,39,13,7,4.4,5,硕士,广州,已婚,是,女
E1485,赵强,技术部,会计,2019-11-03,19851,3424,31576,13,22,35,11,7,3.6,3,本科,深圳,未婚,否,女
E1486,孙丽,财务部,招聘专员,2016-01-13,14317,8950,39508,30,22,52,15,1,3.7,4,硕士,成都,未婚,否,男
E1487,周涛,运营部,运营主管,2018-11-06,24910,1639,33464,30,22,48,0,3,4.4,1,本科,西安,未婚,是,女
E1488,吴迪,人力资源部,市场专员,2017-05-01,18088,2924,68281,16,22,38,12,3,3.9,6,大专,北京,已婚,是,男
E1489,郑爽,财务部,会计,2019-04-30,20946,4449,24260,23,22,50,5,5,3.6,1,硕士,武汉,已婚,否,女
E1490,林晨,技术部,架构师,2021-01-05,24789,4668,43440,22,23,47,16,5,4.1,6,硕士,南京,未婚,否,男
E1491,郭峰,运营部,HRBP,2015-03-23,22567,2016,64683,17,20,38,11,2,4.3,4,博士,武汉,未婚,否,男
E1492,唐雅,运营部,客户经理,2013-10-26,22868,4116,49430,13,21,43,5,4,4.0,2,本科,武汉,已婚,是,女
E1493,沈鹏,运营部,运营主管,2012-01-12,17765,7543,9987,14,22,46,6,1,4.6,6,硕士,重庆,离异,否,女
E1494,宋阳,人力资源部,市场专员,2015-03-02,20466,8489,33105,14,22,23,0,7,4.5,1,硕士,深圳,已婚,否,男
E1495,秦岚,财务部,软件工程师,2012-10-30,18587,8736,21026,5,20,43,0,1,4.0,4,硕士,武汉,未婚,否,男
E1496,顾磊,人力资源部,会计,2021-03-18,8771,7761,53927,26,20,26,4,5,4.6,1,本科,重庆,未婚,否,女
E1497,欧阳静,市场部,客户经理,2020-04-10,24300,2387,65535,14,22,25,5,5,4.5,2,本科,杭州,未婚,否,男
E1498,慕容华,市场部,运营主管,2021-03-25,16770,8726,50946,35,22,27,15,2,4.5,3,硕士,上海,未婚,否,男
E1499,诸葛明,财务部,架构师,2016-10-29,19093,4604,64561,7,22,42,15,4,4.3,2,本科,杭州,已婚,否,男
E1500,东方红,人力资源部,数据分析师,2019-10-01,21803,6937,18377,14,22,34,13,2,3.5,5,本科,深圳,已婚,否,女
E1501,张伟,技术部,前端工程师,2012-02-12,8193,1549,61592,2,21,46,0,7,4.5,4,本科,南京,已婚,是,男
E1502,李芳,运营部,会计,2014-08-01,10007,5451,15347,12,22,47,12,4,4.1,2,本科,杭州,已婚,否,男
E1503,王磊,运营部,架构师,2018-07-18,19190,5060,41776,33,22,41,9,6,4.9,3,本科,重庆,未婚,否,女
E1504,陈敏,财务部,运营主管,2015-09-11,17984,1518,11783,23,22,54,9,1,4.7,1,大专,重庆,未婚,否,男
E1505,赵强,市场部,会计,2018-12-20,17302,6321,63798,39,21,35,8,2,4.4,4,硕士,广州,已婚,否,男
E1506,孙丽,市场部,招聘专员,2018-08-08,15429,7840,12298,31,20,38,12,5,3.9,6,本科,西安,未婚,是,男
E1507,周涛,运营部,客户经理,2014-06-09,10261,2973,63161,31,20,42,2,2,3.8,2,本科,成都,未婚,是,男
E1508,吴迪,财务部,运营主管,2018-10-10,14716,5561,68652,29,22,37,17,6,4.0,3,大专,成都,未婚,否,女
E1509,郑爽,人力资源部,招聘专员,2014-10-01,16921,4106,42484,12,22,37,1,2,4.2,2,大专,深圳,未婚,否,男
E1510,林晨,市场部,后端工程师,2012-01-21,12378,1951,28922,0,22,41,16,1,3.9,5,本科,西安,未婚,否,男
E1511,郭峰,人力资源部,市场专员,2013-02-10,15815,7932,42028,33,22,50,12,6,4.3,4,本科,广州,已婚,否,男
E1512,唐雅,市场部,数据分析师,2019-04-20,21778,6760,28316,14,22,49,12,5,3.7,1,大专,北京,已婚,是,男
E1513,沈鹏,市场部,财务主管,2014-10-11,20728,6703,24968,13,23,29,0,5,5.0,3,硕士,武汉,未婚,否,男
E1514,宋阳,销售部,客户经理,2012-12-01,18332,5265,38266,28,21,45,1,3,3.7,2,本科,杭州,未婚,是,女
E1515,秦岚,市场部,会计,2017-01-12,17836,3938,32000,33,22,24,0,6,4.9,4,本科,西安,已婚,否,女
E1516,顾磊,技术部,前端工程师,2020-09-23,10800,5810,22011,17,23,46,4,3,4.9,2,大专,武汉,未婚,否,男
E1517,欧阳静,财务部,架构师,2015-02-21,16333,3049,10866,6,22,40,2,3,4.3,4,大专,北京,未婚,否,男
E1518,慕容华,财务部,财务主管,2018-09-12,13410,7858,13898,28,23,54,6,1,4.6,5,本科,南京,未婚,否,女
E1519,诸葛明,人力资源部,软件工程师,2019-10-11,13808,4974,26395,30,23,23,12,2,4.2,2,硕士,广州,未婚,否,女
E1520,东方红,市场部,架构师,2017-01-01,14796,1627,47019,24,22,36,17,5,4.4,5,本科,武汉,已婚,否,女
E1521,张伟,技术部,会计,2013-12-15,18288,7441,12006,37,22,43,6,5,4.0,6,大专,广州,已婚,否,男
E1522,李芳,人力资源部,数据分析师,2012-02-20,12650,6355,42393,13,22,31,0,2,4.0,6,本科,广州,未婚,是,男
E1523,王磊,销售部,产品经理,2012-11-19,12987,8047,18956,7,22,39,4,5,4.4,3,本科,西安,未婚,否,男
E1524,陈敏,人力资源部,架构师,2014-02-27,23200,8696,58042,26,22,43,16,2,4.2,5,博士,重庆,未婚,否,男
E1525,赵强,人力资源部,产品经理,2012-05-20,12697,7411,14078,1,20,48,7,6,4.4,4,本科,上海,未婚,否,男
E1526,孙丽,市场部,市场专员,2013-04-14,24724,7981,37631,16,22,34,14,1,3.9,3,本科,深圳,离异,否,男
E1527,周涛,销售部,数据分析师,2014-02-25,11828,8474,70901,36,22,54,3,1,4.1,2,本科,成都,已婚,否,女
E1528,吴迪,人力资源部,运营主管,2016-12-30,20605,4261,49574,13,21,26,1,7,3.6,2,本科,广州,已婚,是,女
E1529,郑爽,技术部,招聘专员,2015-09-19,13482,5956,39417,24,20,47,4,1,3.6,4,本科,西安,已婚,否,男
E1530,林晨,技术部,软件工程师,2017-03-31,13463,6164,73006,29,21,34,0,2,3.9,1,大专,西安,已婚,否,男
E1531,郭峰,财务部,销售经理,2014-08-21,21860,2915,47454,28,22,48,4,7,3.6,1,本科,武汉,已婚,否,男
E1532,唐雅,销售部,会计,2020-05-13,12912,7861,9587,19,23,35,5,2,3.7,2,本科,武汉,未婚,否,女
E1533,沈鹏,销售部,HRBP,2013-01-07,12648,7193,62710,20,23,45,1,4,4.7,4,本科,杭州,未婚,是,女
E1534,宋阳,财务部,销售经理,2021-12-14,8855,7288,26816,21,22,24,0,7,3.6,1,大专,广州,已婚,是,女
E1535,秦岚,人力资源部,架构师,2018-12-16,10866,1701,37432,34,22,51,3,5,4.5,5,博士,上海,未婚,是,女
E1536,顾磊,销售部,财务主管,2021-11-19,19834,7660,56617,36,22,35,6,5,3.9,2,大专,深圳,离异,否,男
E1537,欧阳静,技术部,会计,2016-08-19,24294,3869,42217,15,22,33,0,4,4.8,6,硕士,深圳,已婚,否,女
E1538,慕容华,技术部,招聘专员,2019-08-30,24566,2017,28884,16,22,49,0,4,4.2,5,硕士,南京,离异,否,女
E1539,诸葛明,市场部,后端工程师,2015-03-25,11112,6944,13454,15,21,50,7,1,4.0,4,博士,南京,未婚,否,男
E1540,东方红,销售部,招聘专员,2018-05-27,12492,7031,51618,1,23,38,15,4,4.3,6,本科,杭州,已婚,否,男
E1541,张伟,人力资源部,HRBP,2016-07-29,23114,2841,70671,3,22,42,12,2,4.1,5,本科,成都,未婚,否,男
E1542,李芳,财务部,软件工程师,2020-10-20,9517,6276,55111,20,22,44,17,3,4.3,1,本科,南京,离异,否,女
E1543,王磊,财务部,招聘专员,2012-04-15,24018,3488,47613,38,22,41,9,2,3.7,1,大专,北京,未婚,否,男
E1544,陈敏,人力资源部,前端工程师,2015-12-14,19431,8749,67993,33,22,32,11,7,5.0,6,本科,杭州,已婚,否,女
E1545,赵强,运营部,后端工程师,2019-06-10,16210,5045,16848,29,21,31,0,4,4.1,3,大专,深圳,已婚,是,女
E1546,孙丽,市场部,销售经理,2016-08-08,19595,7087,74125,5,22,31,9,5,4.0,2,博士,深圳,已婚,否,女
E1547,周涛,财务部,运营主管,2012-01-02,20871,6020,69602,16,20,27,8,2,4.6,6,大专,上海,已婚,否,女
E1548,吴迪,销售部,市场专员,2019-03-21,20743,7564,50222,38,22,45,2,5,4.0,4,本科,西安,离异,否,男
E1549,郑爽,市场部,前端工程师,2019-05-15,17324,5302,57223,24,22,33,8,2,4.7,2,本科,北京,已婚,否,男
E1550,林晨,销售部,后端工程师,2017-11-07,19531,7308,73333,4,22,44,9,5,4.2,5,本科,成都,已婚,否,女
E1551,郭峰,技术部,运营主管,2021-05-09,14588,4775,60732,4,22,48,15,6,4.6,4,本科,武汉,未婚,否,男
E1552,唐雅,市场部,运营主管,2012-12-15,11311,5154,57420,19,22,27,17,2,3.7,4,大专,杭州,已婚,否,女
E1553,沈鹏,财务部,会计,2021-08-31,8987,8662,10462,15,22,22,13,7,4.8,1,本科,南京,已婚,是,女
E1554,宋阳,市场部,后端工程师,2015-07-10,11321,3934,17460,36,22,27,2,5,4.6,5,本科,重庆,已婚,否,男
E1555,秦岚,市场部,软件工程师,2021-05-15,23812,6373,17275,39,22,43,1,3,3.8,1,硕士,上海,未婚,否,男
E1556,顾磊,市场部,架构师,2020-09-14,12615,7741,21269,8,22,45,0,7,3.7,1,本科,深圳,已婚,否,女
E1557,欧阳静,运营部,HRBP,2014-11-28,23512,7422,73942,4,22,46,17,1,4.0,3,博士,重庆,未婚,否,男
E1558,慕容华,市场部,HRBP,2020-02-04,21146,1707,30553,1,21,36,8,2,5.0,1,大专,杭州,未婚,否,女
E1559,诸葛明,销售部,销售经理,2018-01-15,21654,7133,32366,8,22,47,12,3,3.9,2,本科,广州,已婚,否,男
E1560,东方红,技术部,销售经理,2020-03-25,11052,7255,52036,35,23,29,1,1,4.2,4,大专,成都,未婚,是,女
E1561,张伟,人力资源部,HRBP,2018-06-17,8726,4133,25369,21,22,45,6,2,3.5,1,大专,广州,未婚,否,女
E1562,李芳,市场部,招聘专员,2021-01-25,11760,7809,19795,21,21,27,15,3,4.1,6,本科,杭州,已婚,否,男
E1563,王磊,财务部,软件工程师,2013-03-20,9875,5617,38143,21,22,22,14,3,4.4,2,本科,广州,未婚,否,男
E1564,陈敏,市场部,产品经理,2018-06-03,21969,1653,37425,33,21,33,10,7,4.9,5,本科,成都,未婚,否,女
E1565,赵强,财务部,招聘专员,2014-08-09,12033,7558,13368,28,21,32,0,6,4.3,4,本科,西安,未婚,否,男
E1566,孙丽,销售部,财务主管,2012-02-05,13443,4866,12621,37,23,33,6,3,4.7,6,硕士,杭州,已婚,否,男
E1567,周涛,财务部,招聘专员,2015-01-12,11744,5814,66829,32,22,28,7,6,4.3,6,本科,重庆,已婚,否,女
E1568,吴迪,人力资源部,市场专员,2016-01-15,24977,6264,68294,17,21,32,9,4,3.6,5,本科,广州,已婚,否,女
E1569,郑爽,技术部,客户经理,2016-12-03,9774,3018,22719,6,23,52,4,7,4.0,6,本科,成都,未婚,否,男
E1570,林晨,财务部,架构师,2017-01-19,18651,7873,37227,0,23,54,8,5,4.4,2,本科,南京,未婚,否,男
E1571,郭峰,财务部,市场专员,2015-11-09,8935,7663,15566,32,22,34,0,7,4.9,5,大专,武汉,未婚,否,女
E1572,唐雅,技术部,会计,2015-04-10,21395,4100,20306,0,21,39,1,1,4.8,6,本科,成都,已婚,否,女
E1573,沈鹏,人力资源部,客户经理,2015-10-31,11808,6545,61822,23,22,45,13,5,3.8,5,本科,上海,已婚,是,女
E1574,宋阳,市场部,客户经理,2016-09-04,24715,3695,32042,3,22,30,9,5,3.8,5,硕士,武汉,未婚,否,女
E1575,秦岚,财务部,后端工程师,2015-10-17,19641,8775,23086,3,22,52,8,6,3.8,1,本科,南京,未婚,否,女
E1576,顾磊,技术部,软件工程师,2019-02-19,22376,5998,25387,17,22,31,9,5,4.9,1,本科,北京,未婚,否,女
E1577,欧阳静,销售部,软件工程师,2020-01-17,13889,6191,35042,26,22,23,5,3,4.8,1,本科,重庆,已婚,否,女
E1578,慕容华,技术部,客户经理,2017-12-28,13054,5054,59618,31,21,36,16,6,4.7,6,本科,深圳,已婚,否,女
E1579,诸葛明,销售部,财务主管,2020-01-13,11868,3914,26323,32,22,24,5,5,4.1,4,本科,南京,已婚,否,男
E1580,东方红,人力资源部,招聘专员,2020-09-24,24585,7033,26019,27,22,52,3,6,4.3,2,本科,西安,已婚,是,男
E1581,张伟,市场部,后端工程师,2015-07-24,9842,8976,48863,35,22,27,2,4,4.2,6,本科,武汉,已婚,否,男
E1582,李芳,技术部,架构师,2019-08-05,18058,4349,18283,5,22,24,17,6,3.9,1,大专,西安,未婚,否,女
E1583,王磊,运营部,客户经理,2015-05-28,17101,8561,26279,15,20,32,3,2,4.3,5,大专,武汉,未婚,否,男
E1584,陈敏,财务部,前端工程师,2020-06-24,20497,6753,54999,33,22,36,7,3,3.5,6,本科,上海,已婚,否,女
E1585,赵强,人力资源部,销售经理,2013-06-04,12658,3242,70780,22,22,49,16,1,3.7,5,本科,北京,已婚,否,男
E1586,孙丽,技术部,销售经理,2016-12-11,19381,2806,30908,23,22,31,4,2,4.8,5,本科,深圳,已婚,否,女
E1587,周涛,财务部,市场专员,2012-01-10,15544,5349,69584,12,22,28,12,2,4.6,5,本科,上海,已婚,是,女
E1588,吴迪,技术部,会计,2014-09-10,15718,5668,58225,17,22,36,0,2,4.1,3,本科,南京,已婚,否,男
E1589,郑爽,销售部,数据分析师,2018-08-22,21851,6076,45952,12,22,39,12,5,4.3,4,硕士,西安,已婚,是,女
E1590,林晨,技术部,数据分析师,2016-07-14,19777,6155,45663,36,20,39,3,6,4.1,2,硕士,武汉,已婚,否,男
E1591,郭峰,运营部,销售经理,2016-07-18,9628,8993,69381,38,22,45,13,6,4.6,2,本科,南京,已婚,是,男
E1592,唐雅,技术部,产品经理,2019-06-22,8386,6340,55929,16,22,23,2,7,4.7,1,大专,成都,未婚,否,男
E1593,沈鹏,技术部,运营主管,2019-03-16,14031,7062,17343,14,22,41,4,5,4.6,3,本科,北京,已婚,否,男
E1594,宋阳,运营部,市场专员,2018-01-08,14439,5695,47791,17,22,47,6,3,4.6,6,本科,重庆,已婚,否,男
E1595,秦岚,人力资源部,数据分析师,2013-12-20,21392,6678,37134,22,23,28,0,5,3.8,6,本科,成都,未婚,否,男
E1596,顾磊,技术部,销售经理,2014-12-08,10282,4055,55101,29,21,51,11,5,4.0,2,本科,西安,已婚,否,男
E1597,欧阳静,运营部,会计,2020-10-30,9856,3805,65530,33,20,26,10,5,4.2,4,大专,北京,已婚,否,男
E1598,慕容华,财务部,数据分析师,2014-05-08,23670,6008,54799,3,22,32,7,3,4.0,5,本科,北京,未婚,否,男
E1599,诸葛明,销售部,招聘专员,2015-08-09,9998,2588,12827,2,20,22,5,7,4.6,1,大专,南京,已婚,否,女
E1600,东方红,销售部,招聘专员,2016-05-22,13476,4142,70653,6,23,22,1,3,4.0,4,本科,成都,未婚,否,女
E1601,张伟,技术部,软件工程师,2012-02-19,17428,2677,21699,17,21,40,13,4,3.7,2,本科,南京,离异,是,男
E1602,李芳,人力资源部,财务主管,2019-06-04,12669,7604,13313,6,22,23,0,7,4.1,3,本科,南京,已婚,是,女
E1603,王磊,人力资源部,软件工程师,2019-01-22,20336,7909,21598,39,22,42,9,4,5.0,1,大专,南京,未婚,否,女
E1604,陈敏,财务部,架构师,2020-07-28,17342,6416,36807,5,21,41,15,4,3.8,2,本科,西安,未婚,否,男
E1605,赵强,技术部,客户经理,2020-11-12,15064,8746,53226,21,22,44,3,4,4.4,6,本科,武汉,已婚,否,男
E1606,孙丽,销售部,前端工程师,2020-12-17,15446,8982,67550,0,20,42,10,6,4.1,1,本科,武汉,未婚,否,女
E1607,周涛,人力资源部,软件工程师,2019-12-14,13624,6257,11558,3,22,45,15,2,3.6,2,本科,西安,未婚,否,男
E1608,吴迪,技术部,数据分析师,2012-05-25,15461,4494,58113,28,20,25,0,2,4.2,6,本科,深圳,已婚,否,男
E1609,郑爽,人力资源部,产品经理,2014-07-03,9819,2059,60999,20,23,33,15,4,4.6,6,本科,重庆,未婚,否,男
E1610,林晨,运营部,后端工程师,2020-04-28,18516,4464,63878,25,23,43,8,4,4.3,5,本科,上海,未婚,否,女
E1611,郭峰,人力资源部,销售经理,2016-01-02,21749,8534,44343,13,21,41,8,1,4.8,3,本科,重庆,已婚,是,男
E1612,唐雅,销售部,后端工程师,2018-04-08,10658,2771,66219,8,21,39,8,2,3.9,5,本科,西安,已婚,是,女
E1613,沈鹏,市场部,会计,2013-08-03,11500,3313,43186,11,22,22,16,1,3.6,2,本科,广州,已婚,否,男
E1614,宋阳,财务部,软件工程师,2019-06-27,10120,4415,44966,5,21,51,11,7,4.9,4,本科,上海,已婚,否,男
E1615,秦岚,财务部,前端工程师,2016-05-03,12020,2109,41769,19,22,54,12,1,4.1,5,本科,深圳,未婚,否,女
E1616,顾磊,销售部,会计,2013-04-27,18213,3961,61218,23,22,45,7,5,4.4,4,本科,杭州,未婚,是,男
E1617,欧阳静,人力资源部,运营主管,2020-09-14,11259,5620,27229,26,22,35,15,6,4.7,6,本科,上海,未婚,否,女
E1618,慕容华,技术部,运营主管,2015-06-03,18081,7624,35877,37,22,26,17,7,4.0,2,大专,北京,已婚,是,女
E1619,诸葛明,人力资源部,后端工程师,2013-11-03,9823,1783,66001,7,22,32,0,3,4.6,3,本科,西安,已婚,是,男
E1620,东方红,销售部,客户经理,2013-09-22,21467,7068,46084,0,23,45,0,2,3.7,4,本科,杭州,已婚,否,男
E1621,张伟,财务部,市场专员,2019-06-01,14990,4428,24806,23,23,52,11,4,3.9,2,本科,重庆,已婚,否,女
E1622,李芳,人力资源部,客户经理,2013-10-23,11134,5896,45034,6,21,34,5,7,3.7,4,本科,杭州,已婚,否,女
E1623,王磊,财务部,数据分析师,2021-08-04,24743,2591,48317,18,20,37,8,4,4.7,5,博士,西安,未婚,否,男
E1624,陈敏,技术部,招聘专员,2019-10-23,23434,6626,63468,21,23,45,4,3,3.8,2,本科,重庆,已婚,否,男
E1625,赵强,财务部,架构师,2018-10-02,23007,2316,27094,34,23,34,15,7,4.6,5,硕士,西安,未婚,否,男
E1626,孙丽,财务部,客户经理,2014-09-14,18233,8804,65796,29,20,45,17,2,4.9,1,本科,成都,未婚,否,男
E1627,周涛,市场部,财务主管,2021-08-27,24378,8831,18589,28,22,47,16,7,4.3,2,本科,广州,已婚,否,男
E1628,吴迪,市场部,架构师,2020-11-05,9141,1582,65221,21,22,23,17,4,4.3,4,大专,深圳,已婚,否,女
E1629,郑爽,运营部,架构师,2016-03-26,18135,3420,9657,10,21,37,0,4,4.2,1,本科,深圳,已婚,是,女
E1630,林晨,市场部,前端工程师,2013-10-11,20966,4991,47531,19,22,22,7,5,4.0,5,大专,北京,已婚,否,女
E1631,郭峰,财务部,软件工程师,2014-08-26,11361,4644,60227,28,21,32,2,1,4.2,5,本科,广州,未婚,是,女
E1632,唐雅,销售部,前端工程师,2019-03-22,15835,8904,11164,33,23,50,4,7,4.4,4,本科,广州,已婚,是,男
E1633,沈鹏,财务部,架构师,2015-01-05,19172,3593,49247,0,21,38,7,4,5.0,1,本科,北京,已婚,否,女
E1634,宋阳,销售部,会计,2018-12-31,24390,6213,27601,30,22,49,17,6,4.9,6,本科,重庆,未婚,否,男
E1635,秦岚,销售部,运营主管,2013-03-16,11267,8571,58599,29,21,50,17,2,4.8,3,硕士,北京,已婚,是,男
E1636,顾磊,市场部,架构师,2021-02-07,14564,7905,12552,17,22,24,0,6,4.8,4,大专,重庆,已婚,是,男
E1637,欧阳静,人力资源部,前端工程师,2014-07-09,19411,1675,17417,16,22,31,14,3,4.2,5,大专,北京,已婚,否,男
E1638,慕容华,技术部,产品经理,2014-02-08,13906,6785,66579,37,21,35,17,7,4.5,2,本科,上海,已婚,否,男
E1639,诸葛明,市场部,会计,2015-09-05,24028,4204,11722,13,22,33,6,5,4.8,1,本科,上海,已婚,否,女
E1640,东方红,市场部,前端工程师,2016-12-31,15611,6437,48031,22,22,51,15,2,4.1,6,本科,成都,已婚,否,男
E1641,张伟,人力资源部,客户经理,2012-09-19,10011,1869,29438,24,20,53,15,5,4.9,3,本科,武汉,未婚,否,男
E1642,李芳,技术部,销售经理,2016-04-26,19246,3318,66819,14,22,53,14,1,4.1,2,大专,北京,未婚,否,男
E1643,王磊,财务部,后端工程师,2021-06-07,21790,3601,51856,21,22,53,5,4,4.4,1,本科,广州,未婚,否,女
E1644,陈敏,运营部,市场专员,2019-05-08,19738,6285,41576,2,22,47,8,2,4.6,6,硕士,上海,未婚,是,男
E1645,赵强,运营部,招聘专员,2020-11-12,22730,4990,49938,18,22,22,6,3,4.9,4,大专,南京,已婚,否,男
E1646,孙丽,财务部,前端工程师,2018-11-11,19120,3279,57028,33,22,23,13,7,3.9,6,硕士,重庆,已婚,否,男
E1647,周涛,市场部,财务主管,2014-09-25,16767,2864,67807,34,21,38,10,1,4.6,4,博士,上海,未婚,是,女
E1648,吴迪,技术部,市场专员,2021-03-05,21703,8794,57877,0,22,51,15,1,4.3,1,大专,上海,未婚,否,男
E1649,郑爽,市场部,产品经理,2013-11-30,8929,7028,51461,20,22,28,5,5,3.9,6,本科,西安,未婚,是,女
E1650,林晨,销售部,HRBP,2018-06-07,19951,5962,48469,28,22,48,15,1,4.7,3,本科,重庆,已婚,是,女
E1651,郭峰,市场部,前端工程师,2021-11-11,23845,4842,28435,5,22,30,15,2,4.3,6,本科,深圳,已婚,否,男
E1652,唐雅,市场部,销售经理,2016-05-22,23747,6239,22191,36,22,43,11,5,4.5,1,本科,杭州,已婚,否,女
E1653,沈鹏,财务部,市场专员,2015-05-26,13744,5176,35386,0,20,22,16,1,4.0,2,本科,重庆,已婚,否,女
E1654,宋阳,财务部,招聘专员,2015-01-30,17649,3926,39721,0,21,30,4,7,4.2,2,本科,成都,未婚,否,男
E1655,秦岚,财务部,架构师,2019-02-14,14980,1572,62786,26,21,41,12,3,4.4,6,大专,西安,未婚,否,男
E1656,顾磊,运营部,前端工程师,2018-05-24,15069,4462,21704,20,21,40,7,7,4.1,6,硕士,重庆,未婚,否,男
E1657,欧阳静,销售部,软件工程师,2015-04-05,17591,6867,64635,15,22,25,4,6,3.8,4,本科,重庆,未婚,否,男
E1658,慕容华,财务部,产品经理,2019-04-22,8442,2359,10123,39,21,30,11,2,4.9,1,本科,武汉,已婚,是,女
E1659,诸葛明,技术部,后端工程师,2014-10-02,12652,5356,70993,25,21,43,8,3,4.3,4,硕士,西安,已婚,否,女
E1660,东方红,运营部,销售经理,2012-02-05,17370,5638,33416,15,20,39,2,3,4.6,3,本科,重庆,已婚,否,男
E1661,张伟,人力资源部,数据分析师,2014-01-13,15597,3924,9814,27,20,33,2,5,4.1,2,本科,杭州,已婚,是,男
E1662,李芳,技术部,数据分析师,2016-10-30,22325,2564,58258,0,21,30,0,4,4.0,5,本科,杭州,未婚,是,男
E1663,王磊,技术部,财务主管,2012-12-18,12458,3717,24508,35,21,27,17,5,4.1,5,本科,南京,未婚,是,女
E1664,陈敏,财务部,市场专员,2017-04-06,14591,5517,43699,9,22,40,11,2,4.1,1,大专,西安,已婚,否,男
E1665,赵强,人力资源部,销售经理,2012-03-13,24346,3759,54335,16,22,28,8,2,4.3,1,博士,深圳,已婚,否,女
E1666,孙丽,人力资源部,会计,2019-05-19,19826,7112,54806,22,21,37,8,5,4.3,5,大专,重庆,未婚,否,女
E1667,周涛,运营部,招聘专员,2015-10-08,22138,5251,71768,6,22,26,17,4,4.2,1,本科,武汉,已婚,否,女
E1668,吴迪,人力资源部,后端工程师,2017-03-29,10169,3586,43739,6,22,37,17,7,3.7,2,本科,武汉,已婚,否,女
E1669,郑爽,销售部,架构师,2014-12-29,14313,1868,42785,14,21,22,6,5,4.2,3,大专,广州,已婚,否,男
E1670,林晨,财务部,前端工程师,2018-10-08,16315,4304,39980,33,20,40,3,2,3.8,3,硕士,深圳,已婚,否,男
E1671,郭峰,人力资源部,前端工程师,2020-05-04,16036,1650,9609,3,22,38,12,4,3.7,4,硕士,武汉,已婚,否,男
E1672,唐雅,运营部,数据分析师,2013-12-08,8785,2634,74253,13,22,47,16,2,4.9,2,本科,杭州,已婚,否,女
E1673,沈鹏,销售部,前端工程师,2016-12-09,14139,7099,36141,13,21,43,1,4,4.4,1,本科,广州,已婚,否,女
E1674,宋阳,市场部,后端工程师,2019-02-21,14344,7055,38009,15,21,29,13,4,4.5,1,大专,北京,离异,否,男
E1675,秦岚,市场部,软件工程师,2019-11-15,22973,6666,14782,6,22,54,2,5,4.1,4,本科,武汉,未婚,否,女
E1676,顾磊,销售部,HRBP,2014-08-13,13619,6619,33933,31,21,23,4,5,4.9,4,本科,成都,已婚,否,女
E1677,欧阳静,运营部,财务主管,2019-01-08,9936,7194,16307,18,21,51,13,5,4.5,1,本科,西安,未婚,否,女
E1678,慕容华,销售部,运营主管,2018-10-11,11807,4284,46346,1,22,41,2,4,4.7,1,博士,武汉,未婚,否,男
E1679,诸葛明,财务部,客户经理,2021-11-19,15151,7636,58772,9,22,39,6,4,4.1,2,本科,上海,已婚,否,男
E1680,东方红,财务部,财务主管,2012-06-08,17493,6985,48149,16,22,31,17,2,4.9,4,硕士,深圳,已婚,否,男
E1681,张伟,市场部,市场专员,2018-01-05,20355,5664,35526,36,22,45,12,3,4.7,2,本科,上海,未婚,否,女
E1682,李芳,人力资源部,软件工程师,2019-09-24,11236,3846,13695,11,21,25,9,5,4.8,6,本科,南京,未婚,否,男
E1683,王磊,运营部,财务主管,2021-01-14,23848,6539,47169,5,20,25,12,6,3.8,1,硕士,武汉,未婚,是,男
E1684,陈敏,市场部,架构师,2016-10-01,10352,6397,55947,21,22,34,15,2,3.9,5,本科,北京,已婚,否,男
E1685,赵强,人力资源部,数据分析师,2016-05-04,9932,7939,55224,31,20,46,8,2,3.9,5,硕士,上海,未婚,否,女
E1686,孙丽,人力资源部,产品经理,2012-03-07,18913,3750,53865,19,22,34,1,1,3.9,6,本科,上海,未婚,否,女
E1687,周涛,财务部,市场专员,2020-05-19,16556,1560,33553,0,23,39,4,5,4.8,1,大专,深圳,已婚,否,女
E1688,吴迪,技术部,前端工程师,2018-08-25,13498,6541,68410,5,23,45,16,7,3.5,4,硕士,广州,未婚,否,女
E1689,郑爽,技术部,销售经理,2012-02-27,18582,4510,32816,18,21,23,3,2,3.6,5,本科,北京,已婚,否,女
E1690,林晨,销售部,架构师,2021-02-12,21865,5401,63026,17,22,54,16,1,3.9,4,硕士,上海,已婚,是,男
E1691,郭峰,财务部,市场专员,2012-12-07,17569,2837,58705,5,22,40,8,6,3.8,5,硕士,重庆,未婚,否,男
E1692,唐雅,人力资源部,产品经理,2015-02-27,12857,2684,69922,32,22,30,1,6,3.8,4,大专,北京,已婚,否,女
E1693,沈鹏,运营部,招聘专员,2019-08-06,8340,5926,9881,22,21,49,17,7,4.7,5,本科,重庆,已婚,否,女
E1694,宋阳,技术部,前端工程师,2015-04-10,19181,3051,47567,22,20,31,10,5,4.3,4,本科,武汉,已婚,否,男
E1695,秦岚,人力资源部,财务主管,2019-09-18,24766,5933,55365,25,21,22,12,4,3.5,6,本科,上海,已婚,否,女
E1696,顾磊,技术部,财务主管,2019-04-15,16491,3129,33006,12,22,42,7,1,4.1,2,本科,上海,未婚,否,女
E1697,欧阳静,技术部,市场专员,2015-05-17,8138,2827,49198,6,22,30,0,4,4.1,4,本科,杭州,已婚,否,女
E1698,慕容华,技术部,销售经理,2018-07-29,8358,3026,30831,14,22,36,16,6,3.7,2,本科,杭州,已婚,否,女
E1699,诸葛明,运营部,招聘专员,2016-02-03,17714,3173,24459,26,22,26,11,6,4.5,2,本科,深圳,未婚,否,女
E1700,东方红,财务部,前端工程师,2016-12-26,9627,2861,40443,25,21,43,3,3,4.6,1,大专,西安,未婚,否,男
E1701,张伟,运营部,产品经理,2012-04-25,23996,3073,50316,32,22,44,12,3,4.6,6,硕士,西安,未婚,是,男
E1702,李芳,市场部,HRBP,2021-02-17,13004,4186,72486,14,20,28,8,7,4.6,2,本科,广州,未婚,是,女
E1703,王磊,人力资源部,财务主管,2013-10-23,21283,5870,13877,35,22,44,6,3,3.5,3,硕士,深圳,已婚,是,女
E1704,陈敏,财务部,产品经理,2016-01-05,14652,6783,47553,26,23,46,4,3,4.9,2,本科,西安,未婚,否,男
E1705,赵强,财务部,软件工程师,2021-11-28,10151,3866,12922,4,23,48,4,7,4.7,4,大专,深圳,未婚,否,女
E1706,孙丽,财务部,财务主管,2018-11-05,17429,8232,12686,1,22,27,16,2,4.9,2,本科,上海,已婚,否,男
E1707,周涛,财务部,产品经理,2017-02-11,22072,8147,40766,32,21,30,8,3,3.5,4,大专,杭州,未婚,否,女
E1708,吴迪,运营部,会计,2021-09-18,19927,5257,40006,15,20,54,5,2,4.9,4,博士,杭州,已婚,否,男
E1709,郑爽,财务部,数据分析师,2018-05-23,14905,3934,39422,22,22,27,15,2,4.7,3,大专,杭州,已婚,否,男
E1710,林晨,销售部,客户经理,2021-03-28,20452,3493,20205,37,23,52,1,5,4.8,2,本科,西安,未婚,否,女
E1711,郭峰,人力资源部,后端工程师,2014-10-13,24212,2369,31527,15,21,50,9,2,3.6,2,本科,北京,已婚,否,女
E1712,唐雅,财务部,数据分析师,2012-11-06,9307,8476,26443,13,20,35,15,2,4.6,5,本科,成都,已婚,否,男
E1713,沈鹏,人力资源部,客户经理,2012-07-26,22852,2514,24524,28,22,36,4,3,4.9,5,大专,上海,未婚,否,女
E1714,宋阳,销售部,架构师,2019-04-19,10660,3411,36202,25,20,29,14,2,4.5,1,本科,武汉,未婚,否,男
E1715,秦岚,销售部,产品经理,2018-10-29,18403,2102,73552,34,22,47,12,4,4.4,4,本科,深圳,已婚,否,女
E1716,顾磊,人力资源部,客户经理,2019-06-10,18238,5321,54142,14,22,42,12,7,4.9,3,本科,杭州,已婚,是,女
E1717,欧阳静,技术部,前端工程师,2013-09-24,14207,7395,69692,2,21,49,12,3,4.2,5,硕士,杭州,已婚,否,女
E1718,慕容华,市场部,HRBP,2017-10-03,9140,2190,28855,22,20,25,14,7,4.4,2,本科,杭州,未婚,否,男
E1719,诸葛明,技术部,会计,2020-02-07,9708,1993,68372,28,22,37,13,1,4.2,1,本科,上海,已婚,否,男
E1720,东方红,技术部,软件工程师,2020-06-10,11630,1989,33095,33,22,43,7,3,4.9,3,本科,杭州,已婚,否,女
E1721,张伟,运营部,产品经理,2013-10-18,18485,8364,46724,32,23,33,10,2,3.6,6,大专,广州,已婚,否,男
E1722,李芳,技术部,软件工程师,2015-11-24,20021,8740,57241,22,22,37,17,4,4.3,2,硕士,深圳,已婚,是,女
E1723,王磊,财务部,销售经理,2017-04-15,24859,4056,60003,6,20,50,3,7,4.5,2,本科,上海,已婚,否,男
E1724,陈敏,运营部,财务主管,2020-04-15,15684,5985,23972,2,22,39,9,3,4.7,6,大专,深圳,已婚,是,女
E1725,赵强,运营部,产品经理,2019-01-06,9207,1794,30927,31,22,31,0,4,4.4,4,本科,重庆,已婚,否,男
E1726,孙丽,销售部,后端工程师,2016-08-06,21331,6988,74630,30,21,39,4,7,4.9,4,本科,南京,已婚,是,男
E1727,周涛,技术部,产品经理,2021-11-22,9960,5527,60347,17,22,22,12,1,4.9,5,本科,广州,未婚,否,男
E1728,吴迪,销售部,市场专员,2012-08-24,8557,4343,53283,6,21,42,0,6,3.6,5,本科,北京,已婚,否,男
E1729,郑爽,人力资源部,HRBP,2021-03-04,23883,4412,20205,0,21,22,7,1,4.1,2,大专,北京,已婚,否,男
E1730,林晨,市场部,市场专员,2012-12-13,21893,3217,20748,13,20,36,2,6,3.5,2,本科,成都,未婚,是,男
E1731,郭峰,运营部,产品经理,2019-04-28,8882,4096,29097,31,22,25,2,5,4.0,5,硕士,广州,已婚,否,女
E1732,唐雅,人力资源部,会计,2020-09-10,12761,6244,11092,5,22,41,6,6,4.3,6,大专,深圳,未婚,否,女
E1733,沈鹏,人力资源部,客户经理,2013-09-21,13867,3373,61311,38,22,31,3,5,4.9,5,硕士,北京,已婚,否,男
E1734,宋阳,财务部,软件工程师,2016-03-20,20869,6163,30692,9,22,44,2,3,4.8,2,大专,南京,已婚,否,女
E1735,秦岚,市场部,会计,2017-06-26,15166,4758,31862,6,23,54,14,5,3.7,3,硕士,北京,未婚,否,男
E1736,顾磊,人力资源部,产品经理,2015-06-25,20982,8496,12926,25,21,31,7,4,3.6,2,本科,杭州,已婚,是,女
E1737,欧阳静,人力资源部,客户经理,2012-12-29,15929,4317,11969,33,20,41,2,5,4.4,3,本科,成都,未婚,否,女
E1738,慕容华,市场部,软件工程师,2018-06-26,13347,1944,43733,29,20,22,6,4,4.3,3,大专,上海,已婚,否,女
E1739,诸葛明,市场部,客户经理,2012-10-12,15269,5141,49743,35,21,34,17,7,3.9,2,大专,武汉,已婚,否,女
E1740,东方红,人力资源部,后端工程师,2012-05-28,21527,5958,47876,20,22,22,10,7,4.8,1,本科,武汉,未婚,否,男
E1741,张伟,市场部,HRBP,2015-01-12,10454,7766,28323,16,22,26,10,6,4.9,5,大专,北京,未婚,否,女
E1742,李芳,人力资源部,数据分析师,2018-09-19,20991,6807,24428,32,22,37,16,6,4.1,4,本科,深圳,未婚,是,女
E1743,王磊,人力资源部,招聘专员,2020-04-13,10808,2241,42578,9,21,36,5,6,4.8,2,本科,深圳,已婚,否,女
E1744,陈敏,财务部,架构师,2013-03-31,14642,3541,72140,11,22,49,7,5,4.1,3,本科,杭州,已婚,是,男
E1745,赵强,技术部,会计,2016-11-01,11825,2179,14364,15,22,52,0,6,4.6,2,本科,北京,未婚,是,女
E1746,孙丽,人力资源部,财务主管,2014-03-10,11536,3967,43349,31,20,44,9,5,4.2,5,本科,北京,未婚,否,男
E1747,周涛,销售部,会计,2015-03-30,23309,5197,8691,14,22,38,2,5,3.7,6,本科,武汉,未婚,否,男
E1748,吴迪,运营部,招聘专员,2014-10-09,11802,8919,74467,26,23,34,3,2,4.9,3,本科,重庆,已婚,否,女
E1749,郑爽,技术部,数据分析师,2019-10-02,14142,7238,53896,27,22,35,10,2,4.2,4,本科,北京,已婚,否,男
E1750,林晨,技术部,运营主管,2018-11-12,17094,7168,65062,16,22,32,14,5,4.6,4,本科,上海,未婚,是,女
E1751,郭峰,技术部,前端工程师,2021-11-30,8364,2858,21861,1,22,49,0,7,4.1,4,硕士,成都,已婚,否,女
E1752,唐雅,财务部,后端工程师,2016-03-03,23688,7735,71928,35,21,53,8,4,3.5,6,本科,成都,未婚,否,女
E1753,沈鹏,人力资源部,产品经理,2019-08-17,9863,1562,49347,6,22,52,10,3,3.7,1,大专,上海,已婚,否,女
E1754,宋阳,财务部,后端工程师,2018-12-31,24499,4059,11121,12,21,38,12,1,4.2,3,本科,重庆,已婚,否,女
E1755,秦岚,人力资源部,招聘专员,2013-04-25,15084,6758,36164,14,20,30,15,2,4.5,6,本科,深圳,已婚,否,女
E1756,顾磊,财务部,产品经理,2016-08-13,16016,5269,33491,24,22,31,3,5,4.0,3,硕士,武汉,已婚,否,女
E1757,欧阳静,财务部,财务主管,2017-12-01,10384,8852,67222,22,22,29,0,1,4.5,6,硕士,成都,已婚,否,男
E1758,慕容华,运营部,市场专员,2019-08-28,23072,6824,31165,21,22,42,12,2,4.5,6,大专,广州,已婚,否,男
E1759,诸葛明,销售部,客户经理,2016-05-20,11935,8415,11748,25,22,34,0,3,4.6,1,大专,南京,已婚,是,女
E1760,东方红,财务部,前端工程师,2018-08-05,21127,8881,34553,32,22,26,4,4,4.2,3,本科,武汉,未婚,否,女
E1761,张伟,运营部,HRBP,2012-12-06,22482,5851,68380,10,22,27,4,5,4.9,6,本科,重庆,未婚,否,男
E1762,李芳,市场部,HRBP,2019-09-18,15742,1634,52331,9,22,51,13,3,4.2,1,本科,广州,未婚,否,女
E1763,王磊,销售部,招聘专员,2017-07-03,24165,5144,47560,24,21,52,13,7,4.2,2,本科,北京,已婚,否,男
E1764,陈敏,财务部,后端工程师,2019-09-09,10490,6470,61865,36,23,38,7,2,3.8,5,本科,上海,未婚,否,男
E1765,赵强,技术部,HRBP,2020-04-04,21324,6417,54686,37,21,32,3,5,4.0,6,本科,北京,未婚,否,女
E1766,孙丽,市场部,财务主管,2018-11-01,9137,3635,12675,23,22,41,6,1,3.6,4,大专,杭州,已婚,是,女
E1767,周涛,市场部,运营主管,2017-02-09,11420,8631,74706,39,20,30,14,7,4.5,1,本科,西安,未婚,否,男
E1768,吴迪,运营部,会计,2014-04-14,13845,4778,18068,32,22,23,3,7,3.9,1,本科,上海,已婚,否,男
E1769,郑爽,市场部,销售经理,2015-04-18,11906,8796,62460,16,21,22,8,6,4.0,6,硕士,广州,已婚,是,女
E1770,林晨,销售部,财务主管,2016-09-21,20413,2322,54418,23,22,25,12,4,4.7,1,本科,南京,已婚,否,女
E1771,郭峰,财务部,产品经理,2021-07-10,8276,4574,34206,36,22,46,13,7,4.0,2,本科,西安,已婚,否,男
E1772,唐雅,财务部,架构师,2016-08-16,14337,6569,8287,1,21,24,13,2,3.9,1,硕士,杭州,已婚,是,男
E1773,沈鹏,技术部,招聘专员,2020-12-11,19944,4481,30337,31,22,30,9,4,3.8,5,硕士,深圳,已婚,否,男
E1774,宋阳,运营部,市场专员,2021-09-07,23906,7373,28666,23,22,43,15,5,4.7,5,本科,杭州,未婚,否,女
E1775,秦岚,技术部,客户经理,2012-11-06,20306,1620,9161,8,23,44,4,6,3.7,4,本科,西安,已婚,是,女
E1776,顾磊,市场部,架构师,2012-09-18,18503,3137,46751,3,21,33,5,3,4.2,2,本科,成都,未婚,否,女
E1777,欧阳静,技术部,客户经理,2015-12-13,12208,8705,22758,16,22,31,1,4,4.3,5,本科,武汉,未婚,否,男
E1778,慕容华,销售部,软件工程师,2013-02-09,19590,6960,73780,16,22,31,12,1,4.5,6,大专,重庆,已婚,否,男
E1779,诸葛明,财务部,架构师,2017-12-30,18886,6603,11178,29,22,51,12,2,4.4,3,硕士,北京,未婚,否,女
E1780,东方红,市场部,销售经理,2012-12-07,20866,2424,39831,39,20,43,17,1,4.7,3,大专,深圳,未婚,否,男
E1781,张伟,技术部,后端工程师,2015-09-01,9088,2144,10176,10,22,27,0,4,3.6,3,大专,重庆,未婚,是,男
E1782,李芳,运营部,运营主管,2020-09-07,11363,3532,41654,20,23,23,7,6,3.9,6,大专,杭州,未婚,否,男
E1783,王磊,销售部,会计,2012-08-31,8024,4261,34627,20,22,51,15,3,3.9,1,本科,南京,未婚,否,男
E1784,陈敏,销售部,会计,2013-05-04,17764,8503,60550,17,22,23,1,3,3.7,6,本科,北京,未婚,否,男
E1785,赵强,技术部,运营主管,2012-01-12,17959,3568,52910,28,22,53,7,1,3.9,1,本科,深圳,已婚,是,女
E1786,孙丽,财务部,前端工程师,2021-01-23,20935,1741,66251,23,21,37,5,5,4.0,3,本科,重庆,已婚,否,女
E1787,周涛,技术部,软件工程师,2013-07-14,16068,8098,43422,9,22,33,15,5,4.3,4,本科,北京,未婚,否,女
E1788,吴迪,市场部,客户经理,2012-02-11,15295,8606,19984,16,22,22,10,6,4.5,4,本科,北京,已婚,否,女
E1789,郑爽,技术部,销售经理,2019-06-18,16392,4168,69386,17,21,29,16,3,4.1,1,大专,深圳,未婚,是,女
E1790,林晨,销售部,HRBP,2013-08-16,19390,7946,15135,19,22,34,10,1,4.6,3,硕士,广州,未婚,否,男
E1791,郭峰,技术部,架构师,2015-12-23,16448,7215,8320,36,21,36,7,1,4.0,6,本科,武汉,未婚,是,男
E1792,唐雅,财务部,软件工程师,2016-12-31,18433,2302,29684,17,23,29,3,1,3.9,4,博士,广州,已婚,否,男
E1793,沈鹏,运营部,财务主管,2020-11-03,23038,6559,63913,16,22,31,10,4,4.3,1,大专,北京,已婚,是,女
E1794,宋阳,人力资源部,招聘专员,2020-12-31,19528,5664,29889,8,21,26,7,6,3.5,6,本科,西安,已婚,否,男
E1795,秦岚,技术部,架构师,2016-08-20,23743,6748,56899,13,22,40,8,5,3.6,3,本科,上海,已婚,否,男
E1796,顾磊,财务部,销售经理,2021-09-03,16605,1695,18770,28,22,32,1,5,4.1,2,大专,西安,已婚,否,男
E1797,欧阳静,财务部,市场专员,2012-05-13,10014,3687,47321,30,20,41,15,4,4.9,3,硕士,深圳,已婚,是,女
E1798,慕容华,运营部,市场专员,2020-08-04,9381,5015,49777,3,22,41,5,2,4.6,3,硕士,北京,已婚,否,男
E1799,诸葛明,销售部,产品经理,2020-06-05,9098,3830,54250,17,22,42,7,4,3.6,6,本科,北京,未婚,否,男
E1800,东方红,财务部,软件工程师,2014-08-05,17101,3859,48130,19,22,39,13,6,4.8,6,本科,南京,未婚,是,女
E1801,张伟,财务部,后端工程师,2021-11-06,8187,6341,57346,8,20,31,15,1,4.6,5,本科,武汉,已婚,否,女
E1802,李芳,财务部,销售经理,2012-03-13,19948,5106,10537,12,22,47,11,4,4.4,5,硕士,南京,已婚,否,男
E1803,王磊,财务部,销售经理,2013-02-02,18207,7284,23216,14,20,51,4,1,4.7,6,本科,深圳,未婚,否,女
E1804,陈敏,市场部,运营主管,2015-11-29,10092,1776,11009,26,22,30,17,6,4.1,6,本科,成都,未婚,否,男
E1805,赵强,市场部,财务主管,2019-03-10,13242,1560,37327,14,20,52,8,7,3.8,2,本科,广州,已婚,否,女
E1806,孙丽,销售部,后端工程师,2019-12-16,16549,4890,22209,27,23,25,1,6,4.3,2,本科,南京,已婚,否,男
E1807,周涛,技术部,财务主管,2012-05-09,13185,3413,56443,36,22,27,11,3,4.3,3,硕士,深圳,未婚,否,男
E1808,吴迪,财务部,客户经理,2020-02-26,23271,7695,23029,18,22,35,1,1,4.3,4,大专,广州,已婚,否,女
E1809,郑爽,运营部,客户经理,2021-09-07,13776,5427,64997,25,22,25,9,5,4.3,2,大专,深圳,已婚,否,女
E1810,林晨,技术部,HRBP,2020-12-21,20449,7796,70559,25,21,47,0,4,4.9,3,本科,成都,已婚,否,女
E1811,郭峰,运营部,产品经理,2016-12-16,15823,7368,72892,24,21,38,3,7,4.9,1,本科,武汉,已婚,否,女
E1812,唐雅,技术部,会计,2017-06-24,23717,6930,16635,25,22,40,11,6,4.8,5,大专,武汉,已婚,是,男
E1813,沈鹏,销售部,市场专员,2012-09-22,15355,7433,41065,25,23,27,8,1,4.7,4,本科,深圳,未婚,否,女
E1814,宋阳,财务部,招聘专员,2016-04-09,14465,4091,41783,27,20,50,3,7,4.9,3,硕士,南京,未婚,否,男
E1815,秦岚,财务部,客户经理,2017-06-08,20737,2066,42152,17,22,32,8,2,3.6,6,本科,武汉,已婚,否,男
E1816,顾磊,人力资源部,后端工程师,2014-03-03,21324,5435,66741,31,22,37,5,3,3.9,1,本科,上海,已婚,否,男
E1817,欧阳静,运营部,销售经理,2018-04-19,18350,3071,59502,2,22,51,0,2,4.2,5,本科,南京,未婚,否,女
E1818,慕容华,技术部,招聘专员,2019-11-09,10555,6217,37092,1,20,46,9,6,4.8,1,本科,重庆,离异,是,男
E1819,诸葛明,技术部,数据分析师,2015-08-05,10951,7621,25653,32,21,32,13,2,4.3,3,硕士,杭州,已婚,否,男
E1820,东方红,市场部,财务主管,2012-06-12,12727,2700,48469,18,21,28,17,2,4.6,2,本科,深圳,未婚,否,女
E1821,张伟,人力资源部,客户经理,2012-04-04,13686,5909,67754,16,22,47,5,3,3.7,5,本科,深圳,未婚,否,男
E1822,李芳,市场部,销售经理,2016-12-10,11701,4354,37978,32,22,43,17,3,3.9,1,本科,深圳,未婚,否,男
E1823,王磊,市场部,客户经理,2019-11-20,10780,4395,51169,11,22,46,15,3,4.6,2,本科,成都,已婚,否,男
E1824,陈敏,市场部,市场专员,2015-02-07,10368,7740,56287,2,23,40,14,7,3.7,4,本科,深圳,离异,否,女
E1825,赵强,运营部,数据分析师,2018-07-11,23592,8524,62745,25,22,52,15,3,4.0,3,硕士,武汉,已婚,否,男
E1826,孙丽,运营部,架构师,2014-04-01,8436,2736,13543,34,22,47,7,2,3.9,3,本科,武汉,离异,否,男
E1827,周涛,销售部,客户经理,2012-08-25,10828,8472,64392,7,22,44,12,5,4.0,5,本科,杭州,已婚,否,男
E1828,吴迪,销售部,后端工程师,2018-08-25,9556,1636,29067,35,21,34,10,5,4.6,1,本科,杭州,已婚,否,女
E1829,郑爽,市场部,客户经理,2021-08-08,21364,2529,59033,6,23,46,6,3,4.1,4,大专,西安,已婚,否,女
E1830,林晨,人力资源部,会计,2020-01-25,23061,8654,53256,35,22,23,16,7,4.3,6,大专,南京,已婚,否,女
E1831,郭峰,技术部,招聘专员,2018-12-05,18576,3656,30191,15,21,23,17,4,3.6,5,硕士,武汉,已婚,否,男
E1832,唐雅,运营部,招聘专员,2017-05-14,24566,4094,36992,23,22,37,12,1,4.7,6,本科,武汉,未婚,是,男
E1833,沈鹏,人力资源部,市场专员,2020-01-28,15190,8706,56803,0,20,30,14,6,4.1,5,本科,成都,已婚,否,男
E1834,宋阳,财务部,后端工程师,2014-11-14,13565,2161,71477,24,22,49,0,7,4.5,1,本科,武汉,未婚,否,男
E1835,秦岚,运营部,数据分析师,2016-08-03,23369,3972,21210,9,22,34,15,4,4.6,4,硕士,武汉,已婚,否,男
E1836,顾磊,运营部,运营主管,2020-09-23,9589,4177,34270,15,23,34,4,6,3.8,1,本科,西安,已婚,是,女
E1837,欧阳静,销售部,后端工程师,2018-12-04,8159,3808,70008,15,23,52,2,4,4.8,3,硕士,上海,未婚,否,男
E1838,慕容华,技术部,招聘专员,2021-06-25,20145,1586,13197,7,21,42,9,4,4.4,6,本科,西安,未婚,否,男
E1839,诸葛明,技术部,会计,2020-02-12,23373,4012,15452,28,22,53,4,5,4.1,2,硕士,上海,已婚,否,女
E1840,东方红,财务部,架构师,2020-04-29,14555,7719,49486,38,20,29,6,1,3.8,3,本科,西安,已婚,是,女
E1841,张伟,财务部,市场专员,2014-08-21,24237,8114,22859,27,22,23,13,4,4.9,3,本科,武汉,未婚,否,男
E1842,李芳,运营部,运营主管,2013-06-20,17203,8057,35236,5,22,53,2,3,4.6,6,本科,西安,已婚,是,女
E1843,王磊,市场部,会计,2020-08-16,16244,8468,39899,15,22,49,12,6,3.8,5,本科,武汉,未婚,否,女
E1844,陈敏,销售部,数据分析师,2016-05-22,22743,4442,40083,19,22,22,12,7,4.0,3,大专,武汉,未婚,是,女
E1845,赵强,销售部,财务主管,2020-11-18,21333,4273,24663,15,22,31,9,5,4.7,4,本科,杭州,未婚,否,男
E1846,孙丽,运营部,数据分析师,2017-06-02,21341,4004,27053,6,22,25,1,6,4.5,3,本科,北京,未婚,否,女
E1847,周涛,人力资源部,会计,2020-06-10,9228,6904,19085,13,23,31,5,3,4.6,4,大专,上海,已婚,否,男
E1848,吴迪,市场部,财务主管,2012-05-07,13590,4810,38564,25,23,32,7,3,4.2,1,硕士,重庆,离异,否,女
E1849,郑爽,运营部,软件工程师,2012-04-01,13585,3200,67095,25,21,35,3,4,4.6,5,本科,南京,已婚,否,男
E1850,林晨,市场部,市场专员,2013-06-26,17227,5170,29153,13,22,33,11,3,4.1,4,硕士,南京,已婚,是,男
E1851,郭峰,市场部,后端工程师,2014-04-25,14046,4200,13247,6,23,38,14,1,3.8,3,本科,西安,未婚,是,男
E1852,唐雅,市场部,财务主管,2021-11-12,20237,8315,18553,32,20,37,7,3,4.4,5,本科,北京,已婚,否,女
E1853,沈鹏,运营部,产品经理,2016-08-08,23649,5129,28811,25,22,23,6,4,5.0,5,本科,成都,未婚,否,女
E1854,宋阳,销售部,财务主管,2020-04-24,12945,6090,14135,19,21,32,13,6,4.0,4,本科,重庆,已婚,否,女
E1855,秦岚,销售部,销售经理,2017-01-25,15927,3147,13573,2,22,24,13,3,4.2,4,博士,南京,已婚,否,男
E1856,顾磊,市场部,架构师,2018-10-30,20641,7538,15189,3,20,50,12,5,4.5,2,本科,广州,未婚,否,女
E1857,欧阳静,人力资源部,销售经理,2013-01-24,23998,6664,51646,25,22,39,0,7,4.3,2,硕士,深圳,已婚,否,女
E1858,慕容华,技术部,后端工程师,2019-06-12,21386,7020,61687,10,21,41,0,5,4.8,5,硕士,广州,未婚,是,男
E1859,诸葛明,运营部,后端工程师,2017-02-27,15016,4818,35564,1,22,35,3,5,4.6,6,本科,成都,未婚,是,女
E1860,东方红,技术部,市场专员,2012-02-12,22027,5187,36835,13,23,52,9,6,3.6,6,硕士,重庆,未婚,否,男
E1861,张伟,人力资源部,后端工程师,2012-09-10,23920,2096,69587,29,22,39,2,2,5.0,2,本科,南京,未婚,否,女
E1862,李芳,运营部,招聘专员,2020-10-06,21752,6045,15697,11,22,51,8,7,4.6,3,博士,西安,未婚,是,男
E1863,王磊,市场部,财务主管,2014-12-19,11167,1984,25046,25,22,46,2,5,4.8,1,本科,深圳,未婚,否,男
E1864,陈敏,销售部,财务主管,2019-06-03,19989,2145,65823,32,20,40,5,5,4.5,5,大专,上海,已婚,否,女
E1865,赵强,技术部,软件工程师,2018-11-19,22087,8263,61370,12,21,29,5,2,4.8,1,硕士,南京,未婚,否,男
E1866,孙丽,财务部,运营主管,2018-05-23,10437,4589,17615,13,23,49,11,6,3.7,2,本科,南京,已婚,否,女
E1867,周涛,财务部,后端工程师,2020-05-16,23275,7225,13060,23,22,29,0,7,4.0,4,本科,成都,已婚,否,女
E1868,吴迪,人力资源部,销售经理,2016-03-20,13276,6257,68519,33,21,52,15,5,4.8,5,本科,南京,已婚,否,女
E1869,郑爽,市场部,后端工程师,2021-09-08,16859,6353,69158,25,22,24,4,4,3.8,2,大专,重庆,未婚,否,女
E1870,林晨,技术部,数据分析师,2017-05-07,15818,5884,42782,20,21,24,8,6,3.6,3,本科,北京,未婚,否,男
E1871,郭峰,市场部,软件工程师,2019-09-26,12728,2220,66255,27,21,43,9,7,4.7,5,硕士,重庆,已婚,是,男
E1872,唐雅,技术部,招聘专员,2018-07-20,13738,6233,64918,35,23,38,12,5,4.8,5,大专,上海,已婚,否,男
E1873,沈鹏,人力资源部,招聘专员,2013-10-03,13793,7878,33256,39,22,38,14,5,3.7,6,本科,北京,已婚,否,女
E1874,宋阳,人力资源部,客户经理,2018-08-26,12523,8059,38005,1,22,35,11,2,4.8,4,大专,南京,未婚,是,女
E1875,秦岚,财务部,财务主管,2013-11-20,13571,8581,14638,8,23,30,4,7,4.5,5,本科,南京,已婚,否,男
E1876,顾磊,市场部,招聘专员,2015-06-30,24209,1998,45419,22,22,51,4,4,4.3,4,本科,深圳,未婚,是,男
E1877,欧阳静,运营部,财务主管,2017-05-04,23246,8617,41377,14,22,42,17,6,4.7,2,本科,南京,已婚,否,女
E1878,慕容华,财务部,客户经理,2014-12-15,18380,6229,51116,12,20,33,11,3,4.1,3,硕士,武汉,已婚,否,女
E1879,诸葛明,市场部,会计,2016-01-26,10224,3173,44634,22,21,53,2,1,3.8,3,本科,上海,未婚,否,女
E1880,东方红,财务部,架构师,2013-04-01,16389,7626,31382,16,22,32,6,4,3.9,5,本科,杭州,已婚,是,男
E1881,张伟,运营部,HRBP,2014-09-09,23927,4567,64063,1,22,41,16,3,4.3,5,硕士,西安,未婚,是,女
E1882,李芳,销售部,招聘专员,2017-10-31,19684,1614,30394,19,22,32,17,4,4.3,2,本科,深圳,已婚,否,男
E1883,王磊,销售部,运营主管,2015-01-27,18640,4479,8864,19,21,29,0,7,4.7,6,本科,广州,已婚,否,女
E1884,陈敏,销售部,数据分析师,2012-05-28,16662,6269,48222,2,21,25,4,3,4.7,6,本科,北京,已婚,是,男
E1885,赵强,销售部,前端工程师,2015-09-14,14361,3236,21666,11,22,48,1,7,4.4,6,硕士,杭州,未婚,否,女
E1886,孙丽,技术部,会计,2015-03-25,9948,6853,28955,39,21,51,0,3,4.7,4,本科,西安,未婚,否,男
E1887,周涛,销售部,招聘专员,2012-07-08,20091,5111,74471,1,22,48,6,4,3.8,6,本科,南京,已婚,是,男
E1888,吴迪,运营部,财务主管,2021-10-05,19992,8678,51298,35,20,42,10,2,3.6,3,本科,重庆,已婚,否,男
E1889,郑爽,人力资源部,架构师,2014-06-01,14318,3753,71108,13,20,41,10,4,4.8,4,大专,武汉,已婚,否,女
E1890,林晨,人力资源部,客户经理,2018-04-29,20180,3794,56924,15,22,25,17,7,3.6,2,本科,北京,未婚,否,男
E1891,郭峰,技术部,销售经理,2020-08-17,8234,5130,24709,18,22,32,16,4,3.9,3,本科,北京,未婚,否,男
E1892,唐雅,销售部,前端工程师,2013-02-03,23372,8401,17726,33,22,34,1,3,4.5,3,大专,北京,离异,否,女
E1893,沈鹏,销售部,架构师,2019-09-12,8522,8794,68824,5,21,30,6,1,4.1,1,大专,上海,已婚,否,男
E1894,宋阳,销售部,架构师,2013-08-31,20718,1646,48542,12,22,25,6,3,4.8,2,大专,北京,已婚,否,男
E1895,秦岚,财务部,招聘专员,2021-02-13,17821,7761,28245,35,21,33,9,5,3.9,2,本科,深圳,已婚,否,女
E1896,顾磊,市场部,会计,2016-11-30,13832,5482,42753,21,22,30,2,4,3.5,1,硕士,西安,已婚,否,男
E1897,欧阳静,财务部,产品经理,2016-06-26,20820,4953,29316,17,23,34,11,6,4.0,4,博士,重庆,未婚,否,女
E1898,慕容华,市场部,前端工程师,2016-04-24,24211,6007,23960,11,21,47,2,4,4.4,6,本科,深圳,未婚,否,男
E1899,诸葛明,销售部,市场专员,2019-10-03,15122,7283,38791,29,23,34,10,2,4.1,6,本科,深圳,已婚,否,女
E1900,东方红,销售部,HRBP,2017-11-18,13842,3910,33216,39,21,49,11,7,4.3,6,硕士,武汉,已婚,否,男
E1901,张伟,财务部,市场专员,2015-10-14,9316,7128,40467,6,22,40,3,6,4.8,6,大专,重庆,已婚,否,男
E1902,李芳,财务部,产品经理,2015-11-04,21200,1636,72427,31,22,45,15,3,4.9,6,本科,武汉,已婚,否,男
E1903,王磊,市场部,财务主管,2014-03-30,23206,8842,70047,18,23,40,17,2,3.9,1,本科,北京,未婚,否,女
E1904,陈敏,人力资源部,财务主管,2021-01-05,9378,4860,55014,5,21,34,3,4,4.2,2,大专,北京,未婚,否,男
E1905,赵强,市场部,数据分析师,2014-03-30,9519,4505,12078,19,22,34,5,3,4.3,4,硕士,深圳,离异,否,男
E1906,孙丽,财务部,前端工程师,2013-02-23,15935,5052,58519,26,23,49,14,3,4.9,3,硕士,深圳,已婚,是,女
E1907,周涛,运营部,市场专员,2012-05-03,14093,1518,12042,36,22,23,0,5,5.0,6,大专,北京,已婚,否,女
E1908,吴迪,财务部,财务主管,2013-02-25,13355,3742,57052,6,22,31,2,5,3.9,1,大专,成都,已婚,否,女
E1909,郑爽,运营部,产品经理,2021-01-15,17083,7973,22389,4,21,43,4,1,4.6,4,大专,西安,已婚,否,男
E1910,林晨,技术部,招聘专员,2020-07-31,13574,7555,58733,10,22,34,16,5,4.1,4,本科,上海,未婚,否,男
E1911,郭峰,财务部,软件工程师,2016-02-17,21324,7818,42754,14,20,30,13,7,3.5,4,本科,杭州,已婚,否,男
E1912,唐雅,技术部,客户经理,2016-05-16,10257,6597,26624,2,20,54,8,6,3.5,1,本科,南京,已婚,否,女
E1913,沈鹏,人力资源部,软件工程师,2014-02-06,21411,1948,34681,4,22,35,2,3,4.2,3,本科,广州,已婚,否,女
E1914,宋阳,市场部,后端工程师,2017-08-06,23233,3448,32704,22,22,41,12,5,4.2,6,硕士,重庆,已婚,是,男
E1915,秦岚,运营部,市场专员,2018-12-05,23887,2445,15493,36,23,36,2,1,3.5,4,本科,武汉,未婚,否,男
E1916,顾磊,市场部,数据分析师,2019-01-10,10005,6973,62383,8,23,53,10,4,4.5,1,大专,重庆,未婚,否,女
E1917,欧阳静,技术部,后端工程师,2018-01-11,18860,7118,10994,14,22,54,1,6,3.9,2,本科,北京,未婚,否,女
E1918,慕容华,运营部,财务主管,2017-11-09,18070,5736,55234,2,22,38,14,5,4.3,1,本科,杭州,未婚,是,女
E1919,诸葛明,市场部,销售经理,2020-04-17,17388,8401,55291,28,22,45,12,3,4.0,1,本科,广州,离异,否,男
E1920,东方红,财务部,运营主管,2016-03-29,22609,3420,13594,5,21,51,15,4,3.8,1,本科,深圳,已婚,否,女
E1921,张伟,销售部,销售经理,2018-11-07,24363,4477,15371,16,22,34,17,7,4.1,4,大专,深圳,已婚,否,女
E1922,李芳,技术部,产品经理,2016-10-30,24923,5688,55315,25,21,37,6,3,3.8,1,硕士,武汉,已婚,否,女
E1923,王磊,市场部,前端工程师,2017-08-06,22823,5515,24626,20,22,23,12,4,4.3,2,博士,西安,未婚,否,女
E1924,陈敏,技术部,架构师,2019-03-30,16547,1738,15130,7,22,38,3,7,3.8,4,本科,南京,离异,否,男
E1925,赵强,技术部,客户经理,2013-05-24,19515,1704,14828,20,22,53,8,7,4.3,2,本科,西安,未婚,否,女
E1926,孙丽,运营部,市场专员,2015-04-21,8234,4107,65514,10,22,29,9,6,3.7,5,本科,杭州,未婚,否,男
E1927,周涛,运营部,数据分析师,2013-01-20,22562,7052,60664,37,21,24,8,3,4.5,1,本科,西安,已婚,否,男
E1928,吴迪,销售部,数据分析师,2016-05-16,15480,5840,25883,7,22,33,6,5,4.6,6,本科,武汉,已婚,是,女
E1929,郑爽,财务部,产品经理,2018-09-18,12213,6427,51059,23,20,41,14,5,3.7,6,硕士,广州,已婚,否,女
E1930,林晨,技术部,会计,2018-04-12,18293,4888,50932,34,22,37,7,1,4.2,4,本科,广州,未婚,是,男
E1931,郭峰,市场部,财务主管,2014-01-11,9673,4472,69269,13,22,35,10,4,3.6,6,本科,广州,已婚,否,女
E1932,唐雅,人力资源部,运营主管,2019-06-01,10100,5890,10035,13,22,37,4,1,4.4,4,本科,深圳,未婚,否,男
E1933,沈鹏,技术部,HRBP,2019-05-21,19849,4187,48745,9,21,54,1,2,3.9,1,博士,成都,未婚,否,女
E1934,宋阳,技术部,HRBP,2021-09-12,11841,6451,25241,11,20,51,9,5,4.3,3,本科,杭州,已婚,否,男
E1935,秦岚,销售部,HRBP,2017-03-26,18197,8949,60975,37,21,33,15,4,4.3,3,大专,南京,已婚,否,男
E1936,顾磊,财务部,市场专员,2015-12-17,16016,7660,31154,33,22,36,12,6,4.9,2,本科,杭州,已婚,否,男
E1937,欧阳静,人力资源部,HRBP,2014-06-19,15011,5666,33625,9,23,39,7,1,4.3,1,本科,杭州,已婚,否,女
E1938,慕容华,运营部,招聘专员,2017-10-13,12493,6888,52950,16,21,49,8,6,4.4,6,本科,西安,已婚,是,男
E1939,诸葛明,运营部,软件工程师,2020-06-11,16578,2848,64396,16,22,44,10,6,4.1,1,本科,上海,已婚,否,男
E1940,东方红,市场部,数据分析师,2018-03-10,10158,5900,21331,2,22,35,10,6,4.9,5,硕士,杭州,已婚,否,女
E1941,张伟,人力资源部,运营主管,2017-07-02,10064,6626,71927,30,22,51,15,1,4.7,3,本科,武汉,已婚,否,女
E1942,李芳,运营部,软件工程师,2012-08-29,11253,6933,71014,0,22,54,9,2,3.9,6,博士,上海,离异,是,男
E1943,王磊,市场部,架构师,2018-12-15,20828,2316,47346,11,22,36,11,7,4.8,3,本科,成都,离异,否,男
E1944,陈敏,财务部,运营主管,2020-12-28,9401,6722,62478,38,21,28,5,7,4.1,1,硕士,武汉,未婚,否,女
E1945,赵强,市场部,软件工程师,2018-07-13,23193,2320,20254,3,21,36,11,1,4.7,6,本科,杭州,已婚,否,男
E1946,孙丽,运营部,运营主管,2017-07-13,20096,1692,63734,12,20,32,9,7,4.7,2,本科,重庆,已婚,否,女
E1947,周涛,销售部,架构师,2012-06-21,12214,3276,36621,33,23,50,17,3,3.8,1,本科,深圳,未婚,否,女
E1948,吴迪,销售部,后端工程师,2013-11-02,19023,5145,54121,20,23,52,17,7,4.6,2,大专,西安,已婚,否,女
E1949,郑爽,销售部,招聘专员,2012-06-12,19950,6124,68197,21,22,46,3,5,3.9,6,本科,北京,未婚,否,男
E1950,林晨,运营部,市场专员,2013-04-09,18704,7814,50431,3,20,45,8,1,3.9,3,本科,南京,已婚,否,女
E1951,郭峰,销售部,市场专员,2020-04-30,18343,1750,12837,17,22,40,6,7,3.9,5,本科,南京,已婚,是,男
E1952,唐雅,人力资源部,产品经理,2013-05-11,19867,3288,56994,4,21,23,17,1,4.6,4,本科,武汉,未婚,是,男
E1953,沈鹏,财务部,财务主管,2013-11-30,10745,8874,20615,18,20,43,7,2,3.8,3,本科,南京,已婚,否,女
E1954,宋阳,市场部,数据分析师,2018-09-08,11866,8184,9466,1,22,41,10,3,3.5,2,本科,上海,已婚,是,女
E1955,秦岚,市场部,HRBP,2013-12-03,19956,5200,38771,11,23,54,6,1,4.6,1,大专,广州,已婚,否,女
E1956,顾磊,运营部,招聘专员,2017-04-24,13818,7622,73911,16,23,29,8,5,3.8,6,本科,重庆,未婚,是,女
E1957,欧阳静,销售部,销售经理,2018-06-13,24093,3963,28746,9,22,46,7,7,3.7,3,本科,北京,已婚,是,男
E1958,慕容华,销售部,HRBP,2016-11-26,23493,8437,68739,33,20,30,2,5,3.9,5,硕士,南京,已婚,是,男
E1959,诸葛明,技术部,财务主管,2012-07-01,16224,6999,9893,5,21,44,16,7,4.1,6,硕士,南京,已婚,否,女
E1960,东方红,财务部,数据分析师,2013-09-20,12025,2667,38573,7,22,26,1,1,4.2,2,本科,武汉,已婚,否,男
E1961,张伟,人力资源部,前端工程师,2019-01-01,14155,7668,48874,10,22,46,14,6,3.6,6,本科,杭州,已婚,否,女
E1962,李芳,市场部,财务主管,2016-09-27,21839,5393,41367,11,22,29,13,7,5.0,6,本科,深圳,已婚,否,男
E1963,王磊,技术部,招聘专员,2013-06-29,8719,8311,29199,8,22,37,17,6,4.6,1,本科,西安,已婚,是,男
E1964,陈敏,技术部,软件工程师,2016-05-06,22890,2596,65724,1,22,36,15,3,4.0,4,本科,西安,未婚,否,男
E1965,赵强,运营部,运营主管,2013-09-15,12426,4179,44405,7,20,22,3,5,4.0,2,本科,西安,已婚,否,女
E1966,孙丽,市场部,销售经理,2013-08-16,20512,3347,23989,10,21,43,5,6,4.2,1,本科,西安,已婚,是,男
E1967,周涛,运营部,招聘专员,2014-01-13,23064,5404,36931,35,22,24,5,5,4.4,4,大专,成都,已婚,否,男
E1968,吴迪,人力资源部,架构师,2021-01-11,21767,8760,17290,9,21,35,10,7,3.7,1,本科,北京,未婚,否,男
E1969,郑爽,技术部,前端工程师,2016-11-03,19308,2004,46367,20,22,39,16,7,3.8,4,硕士,杭州,未婚,否,男
E1970,林晨,技术部,架构师,2015-12-30,19477,3121,38133,19,22,39,2,3,4.8,4,本科,深圳,未婚,否,女
E1971,郭峰,财务部,市场专员,2017-05-02,20903,7979,35052,7,22,24,12,7,3.9,4,本科,深圳,未婚,是,男
E1972,唐雅,人力资源部,产品经理,2021-07-25,16680,3972,48475,35,20,31,2,3,4.1,1,硕士,武汉,已婚,否,女
E1973,沈鹏,技术部,市场专员,2019-02-14,10204,4046,65656,28,21,22,15,6,4.8,6,本科,重庆,未婚,是,女
E1974,宋阳,人力资源部,财务主管,2017-08-30,9102,2887,12633,11,22,48,14,7,4.5,4,本科,南京,已婚,否,男
E1975,秦岚,市场部,HRBP,2019-02-14,13243,4494,25304,13,22,48,10,1,4.0,6,本科,南京,未婚,否,男
E1976,顾磊,销售部,软件工程师,2018-09-10,14614,8273,54546,20,22,32,17,4,4.5,2,本科,杭州,未婚,否,女
E1977,欧阳静,技术部,销售经理,2019-04-26,24299,5316,15008,21,22,26,14,2,3.5,5,本科,成都,已婚,是,女
E1978,慕容华,财务部,财务主管,2012-04-14,16707,6818,56291,20,22,28,4,4,4.6,6,大专,上海,未婚,否,女
E1979,诸葛明,市场部,客户经理,2018-02-17,21913,2217,35405,29,22,40,15,4,4.2,5,本科,广州,已婚,否,男
E1980,东方红,人力资源部,前端工程师,2012-01-17,8630,4984,44386,38,22,50,15,5,4.7,4,硕士,杭州,未婚,否,男
E1981,张伟,运营部,前端工程师,2020-09-26,19908,5934,28827,19,22,36,16,3,4.9,5,本科,上海,已婚,否,女
E1982,李芳,市场部,财务主管,2013-01-27,18847,2158,41040,23,22,33,8,5,4.9,5,博士,广州,已婚,否,女
E1983,王磊,技术部,财务主管,2013-02-28,17171,6557,68354,22,20,51,2,6,4.9,4,本科,深圳,已婚,否,女
E1984,陈敏,人力资源部,招聘专员,2017-12-16,20721,5508,26157,6,22,41,12,2,4.3,6,硕士,成都,未婚,否,男
E1985,赵强,销售部,HRBP,2020-10-06,24661,6024,43315,8,22,24,2,6,4.0,4,本科,杭州,已婚,否,男
E1986,孙丽,市场部,市场专员,2013-07-25,24616,6494,43932,0,23,30,6,1,4.2,2,本科,西安,已婚,否,女
E1987,周涛,技术部,产品经理,2021-12-10,17744,5734,29164,25,22,47,5,2,4.5,3,大专,深圳,离异,是,男
E1988,吴迪,财务部,HRBP,2017-09-07,13690,5264,22414,37,23,23,8,5,4.8,1,本科,上海,已婚,否,女
E1989,郑爽,运营部,运营主管,2015-01-25,21401,4489,22327,37,23,44,11,7,3.8,4,本科,杭州,未婚,否,男
E1990,林晨,人力资源部,招聘专员,2020-06-08,15659,6137,8946,21,22,44,14,7,4.9,4,本科,杭州,离异,否,女
E1991,郭峰,市场部,招聘专员,2012-08-29,18601,3604,22693,9,22,42,2,5,4.7,5,硕士,武汉,未婚,否,男
E1992,唐雅,市场部,销售经理,2018-03-29,19704,2755,35241,5,22,37,9,6,5.0,2,硕士,北京,未婚,否,男
E1993,沈鹏,销售部,软件工程师,2014-02-27,8025,8301,23540,16,23,30,0,5,4.8,5,大专,深圳,已婚,否,男
E1994,宋阳,销售部,产品经理,2021-03-09,23384,3982,72757,37,22,34,12,5,3.9,6,本科,杭州,未婚,是,男
E1995,秦岚,财务部,数据分析师,2013-12-15,21705,1883,49203,23,21,49,11,4,3.7,4,本科,南京,未婚,否,男
E1996,顾磊,运营部,后端工程师,2014-01-28,16652,4107,33081,9,22,48,0,1,3.7,4,本科,南京,未婚,否,男
E1997,欧阳静,财务部,数据分析师,2019-10-20,21379,1693,69861,7,21,38,15,7,3.9,5,硕士,北京,已婚,否,男
E1998,慕容华,技术部,财务主管,2014-02-14,15006,5307,19350,20,22,22,14,4,4.4,4,本科,杭州,已婚,否,女
E1999,诸葛明,技术部,会计,2019-08-05,16682,5219,63512,5,21,39,15,5,4.7,6,硕士,西安,已婚,否,女
E2000,东方红,财务部,会计,2018-02-25,9072,4081,64809,20,22,30,10,3,4.8,3,大专,北京,未婚,否,女
